seed,A_index,C_marker,MI_self,PredLift,chi,Gamma,active_mean
0,0.82453897363185,0.822535879464493,1.8937180356634546,0.2923719618055556,3.532127097800926e-08,0.9986979166666666,0.0025001808449074073
1,0.7656490622503289,0.8233175221214969,1.5604501061353726,0.3081597222222222,4.415158872251157e-08,0.998263888888889,0.002477575231481481
2,0.7294109839228334,0.8104043262795269,1.4586868640586117,0.2769097222222222,0.0,0.9973958333333333,0.002350983796296296
3,0.7434717944299349,0.817417736451273,1.4847199596363372,0.2951388888888889,8.241629894868825e-08,0.9965277777777778,0.002405237268518518
4,0.7837599100060884,0.8196330660697345,1.698855942735441,0.2951388888888889,2.0604074737172063e-08,0.9880642361111112,0.0023916739004629624
5,0.8030699283874172,0.8269564269334349,1.7399453476052176,0.31328667534722227,7.064254195601851e-08,0.9947916666666666,0.002658420138888888
