window,A_mean,C_mean,active_mean
64,0.6559377855745233,0.8022970804626234,0.003779658564814815
96,0.631897691866458,0.8004994488805025,0.0025378568672839506
128,0.5939095695255445,0.7974916017736816,0.0019079137731481484
160,0.5739669188129982,0.7958764603029306,0.0015263310185185187
