{
  "reports": [
    {
      "seed": 0,
      "A_index": 0.7511199946401096,
      "C_marker": 0.8137234429506647,
      "terms": {
        "L": [
          196,
          196,
          196,
          196,
          196,
          195,
          196,
          196,
          196,
          196,
          196,
          194,
          193,
          192,
          190,
          185,
          185,
          186,
          186,
          185,
          185,
          183,
          179,
          175,
          172,
          171,
          171,
          171,
          167,
          167,
          166,
          166,
          166,
          166,
          164,
          164,
          164,
          164,
          164,
          164,
          159,
          159,
          151,
          151,
          151,
          151,
          151,
          151
        ],
        "H": [
          1.3040973725471297,
          1.3160875756642552,
          1.2911854070939763,
          1.3061469179167517,
          1.258260324404811,
          1.2294533131533076,
          1.2162603740553024,
          1.1902768345113701,
          1.191313475934683,
          1.1898696909001385,
          1.165571185344856,
          1.1804544396729253,
          1.1069869082984725,
          1.0799838563977255,
          1.0509158314688827,
          1.0546078829382315,
          1.0234577442585335,
          1.0173216324810899,
          1.0290957000193537,
          0.9988450344749559,
          0.9892053279052198,
          0.9915732411139402,
          0.9471888328010227,
          0.9248523713188773,
          0.8834922142581763,
          0.8830750099060526,
          0.8592355215069459,
          0.866694671915651,
          0.8399091460754259,
          0.8399091460754259,
          0.8297703960105609,
          0.8267416460849768,
          0.8027851950057225,
          0.7951825363243382,
          0.7839016608184951,
          0.7839016608184951,
          0.7839016608184951,
          0.7839016608184951,
          0.7839016608184951,
          0.7893168731656197,
          0.7599121001406742,
          0.7599121001406742,
          0.7470786548781998,
          0.7470786548781998,
          0.7470786548781998,
          0.7470786548781998,
          0.7470786548781998,
          0.7470786548781998
        ],
        "dL": [
          0.0,
          0.0,
          0.0,
          0.0,
          -0.5,
          0.0,
          0.5,
          0.0,
          0.0,
          0.0,
          -1.0,
          -1.5,
          -1.0,
          -1.5,
          -3.5,
          -2.5,
          0.5,
          0.5,
          -0.5,
          -0.5,
          -1.0,
          -3.0,
          -4.0,
          -3.5,
          -2.0,
          -0.5,
          0.0,
          -2.0,
          -2.0,
          -0.5,
          -0.5,
          0.0,
          0.0,
          -1.0,
          -1.0,
          0.0,
          0.0,
          0.0,
          0.0,
          -2.5,
          -2.5,
          -4.0,
          -4.0,
          0.0,
          0.0,
          0.0,
          0.0,
          0.0
        ],
        "dH": [
          0.011990203117125509,
          -0.006455982726576659,
          -0.004970328873751706,
          -0.016462541344582693,
          -0.038346802381722056,
          -0.02099997517475427,
          -0.01958823932096876,
          -0.012473449060309671,
          -0.0002035718056158098,
          -0.01287114529491351,
          -0.004707625613606603,
          -0.02929213852319179,
          -0.05023529163759988,
          -0.02803553841479489,
          -0.012687986729747025,
          -0.013729043605174573,
          -0.01864312522857081,
          0.0028189778804100785,
          -0.009238299003066996,
          -0.019945186057066966,
          -0.003635896680507844,
          -0.021008247552098513,
          -0.03336043489753143,
          -0.031848309271423236,
          -0.020888680706412366,
          -0.012128346375615162,
          -0.008190168995200808,
          -0.009663187715760024,
          -0.013392762920112544,
          -0.005069375032432488,
          -0.0065837499952245415,
          -0.013492600502419183,
          -0.01577955488031929,
          -0.009441767093613718,
          -0.005640437752921557,
          0.0,
          0.0,
          0.0,
          0.0027076061735623047,
          -0.011994780338910438,
          -0.014702386512472743,
          -0.006416722631237215,
          -0.006416722631237215,
          0.0,
          0.0,
          0.0,
          0.0,
          0.0
        ],
        "MI_self": 1.5856755948054673,
        "PredLift": 0.2890625,
        "chi": 1.6689300537109375e-06,
        "Gamma": 0.96484375
      },
      "origin_result": {
        "cut_fraction": 0.5,
        "t_sink": 5,
        "C_sink": 0.7505527565366589,
        "C_counterfactual": 0.6909762888804932
      }
    },
    {
      "seed": 1,
      "A_index": 0.8502015617407297,
      "C_marker": 0.8209441086763667,
      "terms": {
        "L": [
          196,
          196,
          196,
          194,
          193,
          192,
          192,
          192,
          191,
          191,
          190,
          189,
          185,
          185,
          184,
          183,
          181,
          181,
          181,
          179,
          179,
          175,
          174,
          170,
          163,
          163,
          162,
          162,
          162,
          161,
          160,
          155,
          153,
          153,
          151,
          150,
          142,
          142,
          142,
          142,
          142,
          142,
          142,
          139,
          138,
          131,
          126,
          126
        ],
        "H": [
          1.318940477411409,
          1.2758565310908696,
          1.2667527121256257,
          1.2573007828389544,
          1.2308604846284823,
          1.2250442330409446,
          1.2354272185743136,
          1.2072102650172234,
          1.1684977015599278,
          1.188125737377709,
          1.1437445200970964,
          1.1137689850612311,
          1.078594854849772,
          1.0856435275697327,
          1.0664063079013755,
          1.0373362168011357,
          1.0254233122764576,
          1.0254233122764576,
          1.0292593817761577,
          1.0004263384469287,
          0.9791429273109452,
          0.9488313638484617,
          0.9419190255090625,
          0.9348313694860036,
          0.9124553642129336,
          0.9046025144340463,
          0.8965393198089072,
          0.8965393198089072,
          0.8965393198089072,
          0.8882566184146159,
          0.8784501176245441,
          0.8506098007815375,
          0.8222073381641021,
          0.8167921258169776,
          0.8119992443599366,
          0.7842209781999006,
          0.761982107569413,
          0.7379345442297399,
          0.7379345442297399,
          0.7379345442297399,
          0.7379345442297399,
          0.7379345442297399,
          0.7379345442297399,
          0.7261281594223197,
          0.713809892234631,
          0.7009094808641849,
          0.6873329104218977,
          0.6873329104218977
        ],
        "dL": [
          0.0,
          0.0,
          -1.0,
          -1.5,
          -1.0,
          -0.5,
          0.0,
          -0.5,
          -0.5,
          -0.5,
          -1.0,
          -2.5,
          -2.0,
          -0.5,
          -1.0,
          -1.5,
          -1.0,
          0.0,
          -1.0,
          -1.0,
          -2.0,
          -2.5,
          -2.5,
          -5.5,
          -3.5,
          -0.5,
          -0.5,
          0.0,
          -0.5,
          -1.0,
          -3.0,
          -3.5,
          -1.0,
          -1.0,
          -1.5,
          -4.5,
          -4.0,
          0.0,
          0.0,
          0.0,
          0.0,
          0.0,
          -1.5,
          -2.0,
          -4.0,
          -6.0,
          -2.5,
          0.0
        ],