[2025-12-07 06:41:26] debug Starting tunnel with `code /private/var/folders/j8/34qtt7_55pn1yjd6y_79lfn40000gn/T/AppTranslocation/DF677BCE-37C3-45B6-BE1E-F1B857AD0CBF/d/Visual Studio Code.app/Contents/Resources/app/bin/code-tunnel --verbose --cli-data-dir /Users/ghost-link-labs/.vscode/cli tunnel service internal-run`
[2025-12-07 06:41:26] debug starting as client to singleton
[2025-12-07 06:41:26] debug An existing tunnel is running on this machine, connecting to it...
[2025-12-07 06:41:26] debug Starting tunnel with `code /private/var/folders/j8/34qtt7_55pn1yjd6y_79lfn40000gn/T/AppTranslocation/DF677BCE-37C3-45B6-BE1E-F1B857AD0CBF/d/Visual Studio Code.app/Contents/Resources/app/bin/code-tunnel tunnel --accept-server-license-terms --log info --name Robbies-MacBook-Prol --parent-process-id 7817`
[2025-12-07 06:41:26] debug starting as new singleton
Connected to an existing tunnel process running on this machine.
[2025-12-07 06:41:26] trace Found token in keyring
[2025-12-07 06:41:26] debug [reqwest::connect] starting new connection: https://api.github.com/
[2025-12-07 06:41:26] debug [reqwest::connect] starting new connection: https://use.rel.tunnels.api.visualstudio.com/
[2025-12-07 06:41:27] debug Starting tunnel to server...
[2025-12-07 06:41:27] trace Found token in keyring
[2025-12-07 06:41:27] debug [tungstenite::handshake::client] Client handshake done.
[2025-12-07 06:41:27] debug [russh::ssh_read] read_ssh_id: reading
[2025-12-07 06:41:27] debug [russh::ssh_read] read 39
[2025-12-07 06:41:27] debug [russh::ssh_read] Ok("SSH-2.0-Microsoft.DevTunnels.Ssh_3.12\r\n")
[2025-12-07 06:41:27] debug [russh::client] writing 352 bytes
[2025-12-07 06:41:27] debug [russh::ssh_read] id 39 39
[2025-12-07 06:41:27] debug [russh::client::kex] extending []
[2025-12-07 06:41:27] debug [russh::client::kex] algo = Names { kex: Name("none"), key: Name("none"), cipher: Name("none"), client_mac: Name("none"), server_mac: Name("none"), server_compression: None, client_compression: None, ignore_guessed: false }
[2025-12-07 06:41:27] debug [russh::client::kex] write = []
[2025-12-07 06:41:27] debug [russh::client::kex] i0 = 342
[2025-12-07 06:41:27] debug [russh::client::kex] moving to kexdhdone, exchange = Exchange { client_id: CryptoVec { p: 0x9fb153dc0, size: 20, capacity: 32 }, server_id: CryptoVec { p: 0x9fb0dcdc0, size: 37, capacity: 64 }, client_kex_init: CryptoVec { p: 0x9fb1dca00, size: 342, capacity: 512 }, server_kex_init: CryptoVec { p: 0x9fb166d00, size: 94, capacity: 128 }, client_ephemeral: CryptoVec { p: 0x1, size: 0, capacity: 0 }, server_ephemeral: CryptoVec { p: 0x1, size: 0, capacity: 0 } }
[2025-12-07 06:41:27] debug [tunnels::connections::relay_tunnel_host] established host relay primary session
[2025-12-07 06:41:27] trace Found token in keyring
[2025-12-07 06:41:27] debug Connected to tunnel endpoint: TunnelRelayTunnelEndpoint { base: TunnelEndpoint { id: "0af87c86-f374-478d-bbfe-aa360fb62d10-relay", connection_mode: TunnelRelay, host_id: "0af87c86-f374-478d-bbfe-aa360fb62d10", host_public_keys: [], port_uri_format: Some("https://x9zmbh9k-{port}.use.devtunnels.ms/"), tunnel_uri: Some("https://x9zmbh9k.use.devtunnels.ms/"), port_ssh_command_format: Some("ssh x9zmbh9k-{port}@ssh.use.devtunnels.ms"), tunnel_ssh_command: Some("ssh x9zmbh9k@ssh.use.devtunnels.ms"), ssh_gateway_public_key: None }, host_relay_uri: Some("wss://use-data.rel.tunnels.api.visualstudio.com/api/v1/Host/Connect/fancy-river-cp3qhcr"), client_relay_uri: Some("wss://use-data.rel.tunnels.api.visualstudio.com/api/v1/Client/Connect/fancy-river-cp3qhcr") }
[2025-12-07 06:41:27] debug Visual Studio Code Server is listening for incoming connections
[2025-12-07 06:41:27] info 
Open this link in your browser https://vscode.dev/tunnel/robbies-macbook-prol

[2025-12-07 06:41:27] trace Found token in keyring
[2025-12-07 06:41:27] debug [reqwest::connect] starting new connection: https://api.github.com/
[2025-12-07 06:42:27] debug [tunnels::connections::ws] sent liveness ping
[2025-12-07 06:42:27] debug [tunnels::connections::ws] received liveness pong
[2025-12-07 06:43:27] debug [tunnels::connections::ws] received liveness pong
[2025-12-07 06:44:27] debug [tunnels::connections::ws] sent liveness ping
[2025-12-07 06:44:27] debug [tunnels::connections::ws] received liveness pong
[2025-12-07 06:44:55] warn error access singleton, retrying: the process holding the singleton lock file (pid=12343) exited
[2025-12-07 06:44:57] debug starting as new singleton
[2025-12-07 06:44:57] trace Found token in keyring
[2025-12-07 06:44:57] debug [reqwest::connect] starting new connection: https://api.github.com/
[2025-12-07 06:44:57] debug [reqwest::connect] starting new connection: https://use.rel.tunnels.api.visualstudio.com/
[2025-12-07 06:44:58] trace Found token in keyring
[2025-12-07 06:44:58] debug Starting tunnel to server...
[2025-12-07 06:44:58] trace Found token in keyring
[2025-12-07 06:44:58] debug [tungstenite::handshake::client] Client handshake done.
[2025-12-07 06:44:58] debug [russh::ssh_read] read_ssh_id: reading
[2025-12-07 06:44:58] debug [russh::ssh_read] read 39
[2025-12-07 06:44:58] debug [russh::ssh_read] Ok("SSH-2.0-Microsoft.DevTunnels.Ssh_3.12\r\n")
[2025-12-07 06:44:58] debug [russh::client] writing 352 bytes
[2025-12-07 06:44:58] debug [russh::ssh_read] id 39 39
[2025-12-07 06:44:58] debug [russh::client::kex] extending []
[2025-12-07 06:44:58] debug [russh::client::kex] algo = Names { kex: Name("none"), key: Name("none"), cipher: Name("none"), client_mac: Name("none"), server_mac: Name("none"), server_compression: None, client_compression: None, ignore_guessed: false }
[2025-12-07 06:44:58] debug [russh::client::kex] write = []
[2025-12-07 06:44:58] debug [russh::client::kex] i0 = 342
[2025-12-07 06:44:58] debug [russh::client::kex] moving to kexdhdone, exchange = Exchange { client_id: CryptoVec { p: 0x792d2c8c0, size: 20, capacity: 32 }, server_id: CryptoVec { p: 0x79311e7c0, size: 37, capacity: 64 }, client_kex_init: CryptoVec { p: 0x792d64800, size: 342, capacity: 512 }, server_kex_init: CryptoVec { p: 0x792c09000, size: 94, capacity: 128 }, client_ephemeral: CryptoVec { p: 0x1, size: 0, capacity: 0 }, server_ephemeral: CryptoVec { p: 0x1, size: 0, capacity: 0 } }
[2025-12-07 06:44:58] debug [tunnels::connections::relay_tunnel_host] established host relay primary session
[2025-12-07 06:44:58] debug Connected to tunnel endpoint: TunnelRelayTunnelEndpoint { base: TunnelEndpoint { id: "704c3825-a832-4e08-a426-69d9d29fbf9d-relay", connection_mode: TunnelRelay, host_id: "704c3825-a832-4e08-a426-69d9d29fbf9d", host_public_keys: [], port_uri_format: Some("https://x9zmbh9k-{port}.use.devtunnels.ms/"), tunnel_uri: Some("https://x9zmbh9k.use.devtunnels.ms/"), port_ssh_command_format: Some("ssh x9zmbh9k-{port}@ssh.use.devtunnels.ms"), tunnel_ssh_command: Some("ssh x9zmbh9k@ssh.use.devtunnels.ms"), ssh_gateway_public_key: None }, host_relay_uri: Some("wss://use-data.rel.tunnels.api.visualstudio.com/api/v1/Host/Connect/fancy-river-cp3qhcr"), client_relay_uri: Some("wss://use-data.rel.tunnels.api.visualstudio.com/api/v1/Client/Connect/fancy-river-cp3qhcr") }
[2025-12-07 06:44:58] trace Found token in keyring
[2025-12-07 06:44:58] debug Visual Studio Code Server is listening for incoming connections

Open this link in your browser https://vscode.dev/tunnel/robbies-macbook-prol

[2025-12-07 06:44:58] trace Found token in keyring
[2025-12-07 06:44:58] debug [reqwest::connect] starting new connection: https://api.github.com/
[2025-12-07 06:45:59] debug [tunnels::connections::ws] sent liveness ping
[2025-12-07 06:45:59] debug [tunnels::connections::ws] received liveness pong
[2025-12-07 06:46:58] debug [tunnels::connections::ws] received liveness pong
[2025-12-07 06:47:58] debug [tunnels::connections::ws] sent liveness ping
[2025-12-07 06:47:58] debug [tunnels::connections::ws] received liveness pong
[2025-12-07 06:48:58] debug [tunnels::connections::ws] sent liveness ping
[2025-12-07 06:48:58] debug [tunnels::connections::ws] received liveness pong
[2025-12-07 06:48:58] debug [tunnels::connections::ws] received liveness pong
[2025-12-07 06:49:58] debug [tunnels::connections::ws] sent liveness ping
[2025-12-07 06:49:59] debug [tunnels::connections::ws] received liveness pong
[2025-12-07 06:50:58] debug [tunnels::connections::ws] received liveness pong
[2025-12-07 06:51:58] debug [tunnels::connections::ws] sent liveness ping
[2025-12-07 06:51:58] debug [tunnels::connections::ws] received liveness pong
[2025-12-07 06:52:58] debug [tunnels::connections::ws] received liveness pong
[2025-12-07 06:53:58] debug [tunnels::connections::ws] sent liveness ping
[2025-12-07 06:53:59] debug [tunnels::connections::ws] received liveness pong
[2025-12-07 06:54:58] debug [tunnels::connections::ws] received liveness pong
[2025-12-07 06:55:58] debug [tunnels::connections::ws] sent liveness ping
[2025-12-07 06:55:59] debug [tunnels::connections::ws] received liveness pong
[2025-12-07 06:56:58] debug [tunnels::connections::ws] received liveness pong
[2025-12-07 06:57:58] debug [tunnels::connections::ws] sent liveness ping
[2025-12-07 06:57:58] debug [tunnels::connections::ws] received liveness pong
[2025-12-07 06:58:58] debug [tunnels::connections::ws] received liveness pong
[2025-12-07 06:59:58] debug [tunnels::connections::ws] sent liveness ping
[2025-12-07 06:59:58] debug [tunnels::connections::ws] received liveness pong
[2025-12-07 07:00:58] debug [tunnels::connections::ws] received liveness pong
[2025-12-07 07:01:58] debug [tunnels::connections::ws] sent liveness ping
[2025-12-07 07:01:58] debug [tunnels::connections::ws] received liveness pong
[2025-12-07 07:02:58] debug [tunnels::connections::ws] received liveness pong
[2025-12-07 07:03:58] debug [tunnels::connections::ws] sent liveness ping
[2025-12-07 07:03:58] debug [tunnels::connections::ws] received liveness pong
[2025-12-07 07:04:58] debug [tunnels::connections::ws] received liveness pong
[2025-12-07 07:05:58] debug [tunnels::connections::ws] sent liveness ping
[2025-12-07 07:05:58] debug [tunnels::connections::ws] received liveness pong
[2025-12-07 07:06:58] debug [tunnels::connections::ws] received liveness pong
[2025-12-07 07:07:58] debug [tunnels::connections::ws] sent liveness ping
[2025-12-07 07:07:59] debug [tunnels::connections::ws] received liveness pong
[2025-12-07 07:08:58] debug [tunnels::connections::ws] received liveness pong
[2025-12-07 07:09:58] debug [tunnels::connections::ws] sent liveness ping
[2025-12-07 07:09:58] debug [tunnels::connections::ws] received liveness pong
[2025-12-07 07:10:58] debug [tunnels::connections::ws] received liveness pong
[2025-12-07 07:11:58] debug [tunnels::connections::ws] sent liveness ping
[2025-12-07 07:11:58] debug [tunnels::connections::ws] received liveness pong
[2025-12-07 07:12:58] debug [tunnels::connections::ws] sent liveness ping
[2025-12-07 07:12:58] debug [tunnels::connections::ws] received liveness pong
[2025-12-07 07:12:58] debug [tunnels::connections::ws] received liveness pong
[2025-12-07 07:13:58] debug [tunnels::connections::ws] sent liveness ping
[2025-12-07 07:13:58] debug [tunnels::connections::ws] received liveness pong
[2025-12-07 07:14:58] debug [tunnels::connections::ws] received liveness pong
[2025-12-07 07:15:58] debug [tunnels::connections::ws] sent liveness ping
[2025-12-07 07:15:58] debug [tunnels::connections::ws] received liveness pong
[2025-12-07 07:16:58] debug [tunnels::connections::ws] received liveness pong
[2025-12-07 07:17:58] debug [tunnels::connections::ws] sent liveness ping
[2025-12-07 07:17:58] debug [tunnels::connections::ws] received liveness pong
[2025-12-07 07:18:58] debug [tunnels::connections::ws] sent liveness ping
[2025-12-07 07:18:58] debug [tunnels::connections::ws] received liveness pong
[2025-12-07 07:18:59] debug [tunnels::connections::ws] received liveness pong
[2025-12-07 07:19:59] debug [tunnels::connections::ws] sent liveness ping
[2025-12-07 07:19:59] debug [tunnels::connections::ws] received liveness pong
[2025-12-07 07:20:58] debug [tunnels::connections::ws] received liveness pong
[2025-12-07 07:21:58] debug [tunnels::connections::ws] sent liveness ping
[2025-12-07 07:21:59] debug [tunnels::connections::ws] received liveness pong
[2025-12-07 07:22:58] debug [tunnels::connections::ws] received liveness pong
[2025-12-07 07:23:58] debug [tunnels::connections::ws] sent liveness ping
[2025-12-07 07:23:58] debug [tunnels::connections::ws] received liveness pong
[2025-12-07 07:24:58] debug [tunnels::connections::ws] received liveness pong
[2025-12-07 07:25:58] debug [tunnels::connections::ws] sent liveness ping
[2025-12-07 07:25:58] debug [tunnels::connections::ws] received liveness pong
[2025-12-07 07:26:58] debug [tunnels::connections::ws] received liveness pong
[2025-12-07 07:27:58] debug [tunnels::connections::ws] sent liveness ping
[2025-12-07 07:27:58] debug [tunnels::connections::ws] received liveness pong
[2025-12-07 07:28:58] debug [tunnels::connections::ws] received liveness pong
[2025-12-07 07:29:58] debug [tunnels::connections::ws] sent liveness ping
[2025-12-07 07:29:58] debug [tunnels::connections::ws] received liveness pong
[2025-12-07 07:30:58] debug [tunnels::connections::ws] received liveness pong
[2025-12-07 07:31:58] debug [tunnels::connections::ws] sent liveness ping
[2025-12-07 07:31:58] debug [tunnels::connections::ws] received liveness pong
[2025-12-07 07:32:58] debug [tunnels::connections::ws] sent liveness ping
[2025-12-07 07:32:58] debug [tunnels::connections::ws] received liveness pong
[2025-12-07 07:32:58] debug [tunnels::connections::ws] received liveness pong
[2025-12-07 07:33:58] debug [tunnels::connections::ws] sent liveness ping
[2025-12-07 07:33:59] debug [tunnels::connections::ws] received liveness pong
[2025-12-07 07:34:58] debug [tunnels::connections::ws] received liveness pong
[2025-12-07 07:35:58] debug [tunnels::connections::ws] sent liveness ping
[2025-12-07 07:35:58] debug [tunnels::connections::ws] received liveness pong
[2025-12-07 07:36:58] debug [tunnels::connections::ws] received liveness pong
[2025-12-07 07:37:58] debug [tunnels::connections::ws] sent liveness ping
[2025-12-07 07:37:58] debug [tunnels::connections::ws] received liveness pong
[2025-12-07 07:38:58] debug [tunnels::connections::ws] sent liveness ping
[2025-12-07 07:38:58] debug [tunnels::connections::ws] received liveness pong
[2025-12-07 07:38:58] debug [tunnels::connections::ws] received liveness pong
[2025-12-07 07:39:58] debug [tunnels::connections::ws] sent liveness ping
[2025-12-07 07:39:59] debug [tunnels::connections::ws] received liveness pong
[2025-12-07 07:40:58] debug [tunnels::connections::ws] received liveness pong
[2025-12-07 07:41:58] debug [tunnels::connections::ws] sent liveness ping
[2025-12-07 07:41:58] debug [tunnels::connections::ws] received liveness pong
[2025-12-07 07:42:58] debug [tunnels::connections::ws] received liveness pong
[2025-12-07 07:43:58] debug [tunnels::connections::ws] sent liveness ping
[2025-12-07 07:43:58] debug [tunnels::connections::ws] received liveness pong
[2025-12-07 07:44:58] debug [tunnels::connections::ws] received liveness pong
[2025-12-07 07:44:59] debug [reqwest::connect] starting new connection: https://api.github.com/
[2025-12-07 07:44:59] trace token was successfully refreshed in keepalive
[2025-12-07 07:45:58] debug [tunnels::connections::ws] sent liveness ping
[2025-12-07 07:45:58] debug [tunnels::connections::ws] received liveness pong
[2025-12-07 07:46:58] debug [tunnels::connections::ws] sent liveness ping
[2025-12-07 07:46:58] debug [tunnels::connections::ws] received liveness pong
[2025-12-07 07:46:58] debug [tunnels::connections::ws] received liveness pong
[2025-12-07 07:47:58] debug [tunnels::connections::ws] sent liveness ping
[2025-12-07 07:47:59] debug [tunnels::connections::ws] received liveness pong
[2025-12-07 07:48:58] debug [tunnels::connections::ws] received liveness pong
[2025-12-07 07:49:58] debug [tunnels::connections::ws] sent liveness ping
[2025-12-07 07:49:58] debug [tunnels::connections::ws] received liveness pong
[2025-12-07 07:50:58] debug [tunnels::connections::ws] received liveness pong
[2025-12-07 07:51:58] debug [tunnels::connections::ws] sent liveness ping
[2025-12-07 07:51:58] debug [tunnels::connections::ws] received liveness pong
[2025-12-07 07:52:58] debug [tunnels::connections::ws] received liveness pong
[2025-12-07 08:11:33] debug [tunnels::connections::ws] sent liveness ping
[2025-12-07 08:11:33] info [tunnels::connections::ws] error reading websocket: WebSocket protocol error: Connection reset without closing handshake
[2025-12-07 08:11:33] debug [russh::client] drop session
[2025-12-07 08:11:33] debug [tunnels::connections::relay_tunnel_host] disconnected primary session after EOF
[2025-12-07 08:11:33] warn Tunnel exited unexpectedly but gracefully, reconnecting
[2025-12-07 08:11:38] debug [russh::client] drop handle
[2025-12-07 08:11:38] debug Starting tunnel to server...
[2025-12-07 08:11:38] trace Found token in keyring
[2025-12-07 08:11:38] debug [reqwest::connect] starting new connection: https://api.github.com/
[2025-12-07 08:11:39] debug [reqwest::connect] starting new connection: https://use.rel.tunnels.api.visualstudio.com/
[2025-12-07 08:11:39] trace Successfully refreshed access token
[2025-12-07 08:11:39] trace Found token in keyring
[2025-12-07 08:11:39] debug [tungstenite::handshake::client] Client handshake done.
[2025-12-07 08:11:39] debug [russh::ssh_read] read_ssh_id: reading
[2025-12-07 08:11:39] debug [russh::ssh_read] read 39
[2025-12-07 08:11:39] debug [russh::ssh_read] Ok("SSH-2.0-Microsoft.DevTunnels.Ssh_3.12\r\n")
[2025-12-07 08:11:39] debug [russh::client] writing 352 bytes
[2025-12-07 08:11:39] debug [russh::ssh_read] id 39 39
[2025-12-07 08:11:39] debug [russh::client::kex] extending []
[2025-12-07 08:11:39] debug [russh::client::kex] algo = Names { kex: Name("none"), key: Name("none"), cipher: Name("none"), client_mac: Name("none"), server_mac: Name("none"), server_compression: None, client_compression: None, ignore_guessed: false }
[2025-12-07 08:11:39] debug [russh::client::kex] write = []
[2025-12-07 08:11:39] debug [russh::client::kex] i0 = 342
[2025-12-07 08:11:39] debug [russh::client::kex] moving to kexdhdone, exchange = Exchange { client_id: CryptoVec { p: 0x792d2c8c0, size: 20, capacity: 32 }, server_id: CryptoVec { p: 0x79311ebc0, size: 37, capacity: 64 }, client_kex_init: CryptoVec { p: 0x792d65400, size: 342, capacity: 512 }, server_kex_init: CryptoVec { p: 0x792c08c00, size: 94, capacity: 128 }, client_ephemeral: CryptoVec { p: 0x1, size: 0, capacity: 0 }, server_ephemeral: CryptoVec { p: 0x1, size: 0, capacity: 0 } }
[2025-12-07 08:11:39] debug [tunnels::connections::relay_tunnel_host] established host relay primary session
[2025-12-07 08:27:49] debug [tunnels::connections::ws] received liveness pong
[2025-12-07 08:27:49] debug [tunnels::connections::ws] received liveness pong
[2025-12-07 08:27:49] debug [tunnels::connections::ws] received liveness pong
[2025-12-07 08:27:49] debug [tunnels::connections::ws] received liveness pong
[2025-12-07 08:27:49] debug [tunnels::connections::ws] received liveness pong
[2025-12-07 08:27:49] debug [tunnels::connections::ws] received liveness pong
[2025-12-07 08:27:49] debug [tunnels::connections::ws] received liveness pong
[2025-12-07 08:27:49] debug [tunnels::connections::ws] received liveness pong
[2025-12-07 08:28:49] debug [tunnels::connections::ws] sent liveness ping
[2025-12-07 08:28:49] debug [tunnels::connections::ws] received liveness pong
[2025-12-07 08:29:39] debug [tunnels::connections::ws] received liveness pong
[2025-12-07 08:30:39] debug [tunnels::connections::ws] sent liveness ping
[2025-12-07 08:30:40] debug [tunnels::connections::ws] received liveness pong
[2025-12-07 08:31:39] debug [tunnels::connections::ws] received liveness pong
[2025-12-07 08:32:40] debug [tunnels::connections::ws] sent liveness ping
[2025-12-07 08:32:40] debug [tunnels::connections::ws] received liveness pong
[2025-12-07 08:33:40] debug [tunnels::connections::ws] received liveness pong
[2025-12-07 08:34:40] debug [tunnels::connections::ws] sent liveness ping
[2025-12-07 08:34:40] debug [tunnels::connections::ws] received liveness pong
[2025-12-07 08:35:40] debug [tunnels::connections::ws] received liveness pong
[2025-12-07 08:36:40] debug [tunnels::connections::ws] sent liveness ping
[2025-12-07 08:36:40] debug [tunnels::connections::ws] received liveness pong
[2025-12-07 08:37:40] debug [tunnels::connections::ws] received liveness pong
[2025-12-07 08:38:40] debug [tunnels::connections::ws] sent liveness ping
[2025-12-07 08:38:40] debug [tunnels::connections::ws] received liveness pong
[2025-12-07 08:39:40] debug [tunnels::connections::ws] sent liveness ping
[2025-12-07 08:39:40] debug [tunnels::connections::ws] received liveness pong
[2025-12-07 08:39:40] debug [tunnels::connections::ws] received liveness pong
[2025-12-07 08:40:40] debug [tunnels::connections::ws] sent liveness ping
[2025-12-07 08:40:40] debug [tunnels::connections::ws] received liveness pong
[2025-12-07 08:41:40] debug [tunnels::connections::ws] received liveness pong
[2025-12-07 08:42:40] debug [tunnels::connections::ws] sent liveness ping
[2025-12-07 08:42:40] debug [tunnels::connections::ws] received liveness pong
[2025-12-07 08:43:39] debug [tunnels::connections::ws] received liveness pong
[2025-12-07 08:44:39] debug [tunnels::connections::ws] sent liveness ping
[2025-12-07 08:44:40] debug [tunnels::connections::ws] received liveness pong
[2025-12-07 08:45:40] debug [tunnels::connections::ws] received liveness pong
[2025-12-07 08:46:40] debug [tunnels::connections::ws] sent liveness ping
[2025-12-07 08:46:40] debug [tunnels::connections::ws] received liveness pong
[2025-12-07 08:47:40] debug [tunnels::connections::ws] received liveness pong
[2025-12-07 08:48:40] debug [tunnels::connections::ws] sent liveness ping
[2025-12-07 08:48:40] debug [tunnels::connections::ws] received liveness pong
[2025-12-07 08:49:40] debug [tunnels::connections::ws] received liveness pong
[2025-12-07 08:50:40] debug [tunnels::connections::ws] sent liveness ping
[2025-12-07 08:50:40] debug [tunnels::connections::ws] received liveness pong
[2025-12-07 08:51:40] debug [tunnels::connections::ws] received liveness pong
[2025-12-07 08:52:40] debug [tunnels::connections::ws] sent liveness ping
[2025-12-07 08:52:40] debug [tunnels::connections::ws] received liveness pong
[2025-12-07 08:53:39] debug [tunnels::connections::ws] received liveness pong
[2025-12-07 08:54:39] debug [tunnels::connections::ws] sent liveness ping
[2025-12-07 08:54:40] debug [tunnels::connections::ws] received liveness pong
[2025-12-07 08:55:40] debug [tunnels::connections::ws] sent liveness ping
[2025-12-07 08:55:40] debug [tunnels::connections::ws] received liveness pong
[2025-12-07 08:55:40] debug [tunnels::connections::ws] received liveness pong
[2025-12-07 08:56:40] debug [tunnels::connections::ws] sent liveness ping
[2025-12-07 08:56:40] debug [tunnels::connections::ws] received liveness pong
[2025-12-07 08:57:40] debug [tunnels::connections::ws] sent liveness ping
[2025-12-07 08:57:40] debug [tunnels::connections::ws] received liveness pong
[2025-12-07 08:57:40] debug [tunnels::connections::ws] received liveness pong
[2025-12-07 08:58:40] debug [tunnels::connections::ws] sent liveness ping
[2025-12-07 08:58:40] debug [tunnels::connections::ws] received liveness pong
[2025-12-07 08:59:40] debug [tunnels::connections::ws] received liveness pong
[2025-12-07 09:00:40] debug [tunnels::connections::ws] sent liveness ping
[2025-12-07 09:00:40] debug [tunnels::connections::ws] received liveness pong
[2025-12-07 09:01:40] debug [tunnels::connections::ws] received liveness pong
[2025-12-07 09:02:40] debug [tunnels::connections::ws] sent liveness ping
[2025-12-07 09:02:40] debug [tunnels::connections::ws] received liveness pong
[2025-12-07 09:19:08] debug [tunnels::connections::ws] sent liveness ping
[2025-12-07 09:19:18] info [tunnels::connections::ws] websocket pong timed out, closing
[2025-12-07 09:19:18] debug [russh::client] drop session
[2025-12-07 09:19:18] debug [tunnels::connections::relay_tunnel_host] disconnected primary session after EOF
[2025-12-07 09:19:18] warn Tunnel exited unexpectedly but gracefully, reconnecting
[2025-12-07 09:34:24] debug [russh::client] drop handle
[2025-12-07 09:34:24] debug Starting tunnel to server...
[2025-12-07 09:34:24] trace Found token in keyring
[2025-12-07 09:34:24] debug [reqwest::connect] starting new connection: https://api.github.com/
[2025-12-07 09:34:24] debug [reqwest::connect] starting new connection: https://use.rel.tunnels.api.visualstudio.com/
[2025-12-07 09:34:25] trace Successfully refreshed access token
[2025-12-07 09:34:25] trace Found token in keyring
[2025-12-07 09:34:25] debug [tungstenite::handshake::client] Client handshake done.
[2025-12-07 09:34:25] debug [russh::ssh_read] read_ssh_id: reading
[2025-12-07 09:34:25] debug [russh::ssh_read] read 39
[2025-12-07 09:34:25] debug [russh::ssh_read] Ok("SSH-2.0-Microsoft.DevTunnels.Ssh_3.12\r\n")
[2025-12-07 09:34:25] debug [russh::client] writing 352 bytes
[2025-12-07 09:34:25] debug [russh::ssh_read] id 39 39
[2025-12-07 09:34:25] debug [russh::client::kex] extending []
[2025-12-07 09:34:25] debug [russh::client::kex] algo = Names { kex: Name("none"), key: Name("none"), cipher: Name("none"), client_mac: Name("none"), server_mac: Name("none"), server_compression: None, client_compression: None, ignore_guessed: false }
[2025-12-07 09:34:25] debug [russh::client::kex] write = []
[2025-12-07 09:34:25] debug [russh::client::kex] i0 = 342
[2025-12-07 09:34:25] debug [russh::client::kex] moving to kexdhdone, exchange = Exchange { client_id: CryptoVec { p: 0x792d2c100, size: 20, capacity: 32 }, server_id: CryptoVec { p: 0x79311d440, size: 37, capacity: 64 }, client_kex_init: CryptoVec { p: 0x792d64a00, size: 342, capacity: 512 }, server_kex_init: CryptoVec { p: 0x792c09000, size: 94, capacity: 128 }, client_ephemeral: CryptoVec { p: 0x1, size: 0, capacity: 0 }, server_ephemeral: CryptoVec { p: 0x1, size: 0, capacity: 0 } }
[2025-12-07 09:34:25] debug [tunnels::connections::relay_tunnel_host] established host relay primary session
[2025-12-07 09:35:25] debug [tunnels::connections::ws] sent liveness ping
[2025-12-07 09:35:25] debug [tunnels::connections::ws] received liveness pong
[2025-12-07 09:36:25] debug [tunnels::connections::ws] received liveness pong
[2025-12-07 09:49:19] debug [tunnels::connections::ws] sent liveness ping
[2025-12-07 09:49:29] info [tunnels::connections::ws] websocket pong timed out, closing
[2025-12-07 09:49:29] debug [russh::client] drop session
[2025-12-07 09:49:29] debug [tunnels::connections::relay_tunnel_host] disconnected primary session after EOF
[2025-12-07 09:49:29] warn Tunnel exited unexpectedly but gracefully, reconnecting
[2025-12-07 09:49:34] debug [russh::client] drop handle
[2025-12-07 09:49:34] debug Starting tunnel to server...
[2025-12-07 09:49:34] trace Found token in keyring
[2025-12-07 09:49:34] debug [reqwest::connect] starting new connection: https://api.github.com/
[2025-12-07 09:49:34] debug [reqwest::connect] starting new connection: https://use.rel.tunnels.api.visualstudio.com/
[2025-12-07 09:49:35] trace Successfully refreshed access token
[2025-12-07 09:49:35] trace Found token in keyring
[2025-12-07 09:49:36] debug [tungstenite::handshake::client] Client handshake done.
[2025-12-07 09:49:36] debug [russh::ssh_read] read_ssh_id: reading
[2025-12-07 09:49:36] debug [russh::ssh_read] read 39
[2025-12-07 09:49:36] debug [russh::ssh_read] Ok("SSH-2.0-Microsoft.DevTunnels.Ssh_3.12\r\n")
[2025-12-07 09:49:36] debug [russh::client] writing 352 bytes
[2025-12-07 09:49:36] debug [russh::ssh_read] id 39 39
[2025-12-07 09:49:36] debug [russh::client::kex] extending []
[2025-12-07 09:49:36] debug [russh::client::kex] algo = Names { kex: Name("none"), key: Name("none"), cipher: Name("none"), client_mac: Name("none"), server_mac: Name("none"), server_compression: None, client_compression: None, ignore_guessed: false }
[2025-12-07 09:49:36] debug [russh::client::kex] write = []
[2025-12-07 09:49:36] debug [russh::client::kex] i0 = 342
[2025-12-07 09:49:36] debug [russh::client::kex] moving to kexdhdone, exchange = Exchange { client_id: CryptoVec { p: 0x792d2cb20, size: 20, capacity: 32 }, server_id: CryptoVec { p: 0x79311e7c0, size: 37, capacity: 64 }, client_kex_init: CryptoVec { p: 0x792d65400, size: 342, capacity: 512 }, server_kex_init: CryptoVec { p: 0x792c08c00, size: 94, capacity: 128 }, client_ephemeral: CryptoVec { p: 0x1, size: 0, capacity: 0 }, server_ephemeral: CryptoVec { p: 0x1, size: 0, capacity: 0 } }
[2025-12-07 09:49:36] debug [tunnels::connections::relay_tunnel_host] established host relay primary session
[2025-12-07 10:07:25] debug [tunnels::connections::ws] sent liveness ping
[2025-12-07 10:07:35] info [tunnels::connections::ws] websocket pong timed out, closing
[2025-12-07 10:07:35] debug [russh::client] drop session
[2025-12-07 10:07:35] debug [tunnels::connections::relay_tunnel_host] disconnected primary session after EOF
[2025-12-07 10:07:35] warn Tunnel exited unexpectedly but gracefully, reconnecting
[2025-12-07 10:07:40] debug [russh::client] drop handle
[2025-12-07 10:07:40] debug Starting tunnel to server...
[2025-12-07 10:07:40] trace Found token in keyring
[2025-12-07 10:07:40] debug [reqwest::connect] starting new connection: https://api.github.com/
[2025-12-07 10:23:17] trace Successfully refreshed access token
[2025-12-07 10:23:17] warn Error refreshing access token, will retry: failed to lookup tunnel for host token: connection error: error sending request for url (https://use.rel.tunnels.api.visualstudio.com/tunnels/fancy-river-cp3qhcr?tokenScopes=host&api-version=2023-09-27-preview): connection closed before message completed
[2025-12-07 10:23:27] debug Starting tunnel to server...
[2025-12-07 10:23:27] trace Found token in keyring
[2025-12-07 10:23:27] warn failed to check GitHub token: error sending request for url (https://api.github.com/user): connection closed before message completed
[2025-12-07 10:23:27] debug [reqwest::connect] starting new connection: https://use.rel.tunnels.api.visualstudio.com/
[2025-12-07 10:23:27] trace Successfully refreshed access token
[2025-12-07 10:23:27] trace Found token in keyring
[2025-12-07 10:23:27] debug [reqwest::connect] starting new connection: https://api.github.com/
[2025-12-07 10:23:27] debug [tungstenite::handshake::client] Client handshake done.
[2025-12-07 10:23:27] debug [russh::ssh_read] read_ssh_id: reading
[2025-12-07 10:23:27] debug [russh::ssh_read] read 39
[2025-12-07 10:23:27] debug [russh::ssh_read] Ok("SSH-2.0-Microsoft.DevTunnels.Ssh_3.12\r\n")
[2025-12-07 10:23:27] debug [russh::client] writing 352 bytes
[2025-12-07 10:23:27] debug [russh::ssh_read] id 39 39
[2025-12-07 10:23:27] debug [russh::client::kex] extending []
[2025-12-07 10:23:27] debug [russh::client::kex] algo = Names { kex: Name("none"), key: Name("none"), cipher: Name("none"), client_mac: Name("none"), server_mac: Name("none"), server_compression: None, client_compression: None, ignore_guessed: false }
[2025-12-07 10:23:27] debug [russh::client::kex] write = []
[2025-12-07 10:23:27] debug [russh::client::kex] i0 = 342
[2025-12-07 10:23:27] debug [russh::client::kex] moving to kexdhdone, exchange = Exchange { client_id: CryptoVec { p: 0x792d2c7e0, size: 20, capacity: 32 }, server_id: CryptoVec { p: 0x79311d680, size: 37, capacity: 64 }, client_kex_init: CryptoVec { p: 0x792d64c00, size: 342, capacity: 512 }, server_kex_init: CryptoVec { p: 0x792c09000, size: 94, capacity: 128 }, client_ephemeral: CryptoVec { p: 0x1, size: 0, capacity: 0 }, server_ephemeral: CryptoVec { p: 0x1, size: 0, capacity: 0 } }
[2025-12-07 10:23:27] debug [tunnels::connections::relay_tunnel_host] established host relay primary session
[2025-12-07 10:39:35] debug [tunnels::connections::ws] received liveness pong
[2025-12-07 10:39:35] debug [tunnels::connections::ws] received liveness pong
[2025-12-07 10:39:35] debug [tunnels::connections::ws] received liveness pong
[2025-12-07 10:39:35] debug [tunnels::connections::ws] received liveness pong
[2025-12-07 10:39:35] debug [tunnels::connections::ws] received liveness pong
[2025-12-07 10:39:35] debug [tunnels::connections::ws] received liveness pong
[2025-12-07 10:39:35] debug [tunnels::connections::ws] received liveness pong
[2025-12-07 10:39:35] debug [tunnels::connections::ws] received liveness pong
[2025-12-07 10:40:35] debug [tunnels::connections::ws] sent liveness ping
[2025-12-07 10:40:35] debug [tunnels::connections::ws] received liveness pong
[2025-12-07 10:41:27] debug [tunnels::connections::ws] received liveness pong
[2025-12-07 10:42:28] debug [tunnels::connections::ws] sent liveness ping
[2025-12-07 10:42:28] debug [tunnels::connections::ws] received liveness pong
[2025-12-07 11:06:15] debug [tunnels::connections::ws] sent liveness ping
[2025-12-07 11:06:25] info [tunnels::connections::ws] websocket pong timed out, closing
[2025-12-07 11:06:25] debug [russh::client] drop session
[2025-12-07 11:06:25] debug [tunnels::connections::relay_tunnel_host] disconnected primary session after EOF
[2025-12-07 11:06:25] warn Tunnel exited unexpectedly but gracefully, reconnecting
[2025-12-07 11:06:30] debug [russh::client] drop handle
[2025-12-07 11:06:30] debug Starting tunnel to server...
[2025-12-07 11:06:30] trace Found token in keyring
[2025-12-07 11:06:30] debug [reqwest::connect] starting new connection: https://api.github.com/
[2025-12-07 11:06:30] debug [reqwest::connect] starting new connection: https://use.rel.tunnels.api.visualstudio.com/
[2025-12-07 11:06:31] trace Successfully refreshed access token
[2025-12-07 11:06:31] trace Found token in keyring
[2025-12-07 11:06:31] debug [tungstenite::handshake::client] Client handshake done.
[2025-12-07 11:06:31] debug [russh::ssh_read] read_ssh_id: reading
[2025-12-07 11:06:31] debug [russh::ssh_read] read 39
[2025-12-07 11:06:31] debug [russh::ssh_read] Ok("SSH-2.0-Microsoft.DevTunnels.Ssh_3.12\r\n")
[2025-12-07 11:06:31] debug [russh::client] writing 352 bytes
[2025-12-07 11:06:31] debug [russh::ssh_read] id 39 39
[2025-12-07 11:06:31] debug [russh::client::kex] extending []
[2025-12-07 11:06:31] debug [russh::client::kex] algo = Names { kex: Name("none"), key: Name("none"), cipher: Name("none"), client_mac: Name("none"), server_mac: Name("none"), server_compression: None, client_compression: None, ignore_guessed: false }
[2025-12-07 11:06:31] debug [russh::client::kex] write = []
[2025-12-07 11:06:31] debug [russh::client::kex] i0 = 342
[2025-12-07 11:06:31] debug [russh::client::kex] moving to kexdhdone, exchange = Exchange { client_id: CryptoVec { p: 0x792d2c9e0, size: 20, capacity: 32 }, server_id: CryptoVec { p: 0x79311d440, size: 37, capacity: 64 }, client_kex_init: CryptoVec { p: 0x792d64800, size: 342, capacity: 512 }, server_kex_init: CryptoVec { p: 0x792c08d00, size: 94, capacity: 128 }, client_ephemeral: CryptoVec { p: 0x1, size: 0, capacity: 0 }, server_ephemeral: CryptoVec { p: 0x1, size: 0, capacity: 0 } }
[2025-12-07 11:06:31] debug [tunnels::connections::relay_tunnel_host] established host relay primary session
[2025-12-07 11:23:40] debug [tunnels::connections::ws] sent liveness ping
[2025-12-07 11:23:50] info [tunnels::connections::ws] websocket pong timed out, closing
[2025-12-07 11:23:50] debug [russh::client] drop session
[2025-12-07 11:23:50] debug [tunnels::connections::relay_tunnel_host] disconnected primary session after EOF
[2025-12-07 11:23:50] warn Tunnel exited unexpectedly but gracefully, reconnecting
[2025-12-07 11:23:55] debug [russh::client] drop handle
[2025-12-07 11:23:55] debug Starting tunnel to server...
[2025-12-07 11:23:55] trace Found token in keyring
[2025-12-07 11:23:55] debug [reqwest::connect] starting new connection: https://api.github.com/
[2025-12-07 11:25:04] trace Successfully refreshed access token
[2025-12-07 11:25:04] warn Error refreshing access token, will retry: failed to lookup tunnel for host token: connection error: error sending request for url (https://use.rel.tunnels.api.visualstudio.com/tunnels/fancy-river-cp3qhcr?tokenScopes=host&api-version=2023-09-27-preview): connection closed before message completed
[2025-12-07 11:25:14] debug Starting tunnel to server...
[2025-12-07 11:25:14] trace Found token in keyring
[2025-12-07 11:25:14] debug [reqwest::connect] starting new connection: https://api.github.com/
[2025-12-07 11:25:14] debug [reqwest::connect] starting new connection: https://use.rel.tunnels.api.visualstudio.com/
[2025-12-07 11:25:14] trace Successfully refreshed access token
[2025-12-07 11:25:14] trace Found token in keyring
[2025-12-07 11:25:15] debug [tungstenite::handshake::client] Client handshake done.
[2025-12-07 11:25:15] debug [russh::ssh_read] read_ssh_id: reading
[2025-12-07 11:25:15] debug [russh::ssh_read] read 39
[2025-12-07 11:25:15] debug [russh::ssh_read] Ok("SSH-2.0-Microsoft.DevTunnels.Ssh_3.12\r\n")
[2025-12-07 11:25:15] debug [russh::client] writing 352 bytes
[2025-12-07 11:25:15] debug [russh::ssh_read] id 39 39
[2025-12-07 11:25:15] debug [russh::client::kex] extending []
[2025-12-07 11:25:15] debug [russh::client::kex] algo = Names { kex: Name("none"), key: Name("none"), cipher: Name("none"), client_mac: Name("none"), server_mac: Name("none"), server_compression: None, client_compression: None, ignore_guessed: false }
[2025-12-07 11:25:15] debug [russh::client::kex] write = []
[2025-12-07 11:25:15] debug [russh::client::kex] i0 = 342
[2025-12-07 11:25:15] debug [russh::client::kex] moving to kexdhdone, exchange = Exchange { client_id: CryptoVec { p: 0x792d2c7a0, size: 20, capacity: 32 }, server_id: CryptoVec { p: 0x79311dac0, size: 37, capacity: 64 }, client_kex_init: CryptoVec { p: 0x792d64000, size: 342, capacity: 512 }, server_kex_init: CryptoVec { p: 0x792c09000, size: 94, capacity: 128 }, client_ephemeral: CryptoVec { p: 0x1, size: 0, capacity: 0 }, server_ephemeral: CryptoVec { p: 0x1, size: 0, capacity: 0 } }
[2025-12-07 11:25:15] debug [tunnels::connections::relay_tunnel_host] established host relay primary session
[2025-12-07 11:26:15] debug [tunnels::connections::ws] sent liveness ping
[2025-12-07 11:26:15] debug [tunnels::connections::ws] received liveness pong
[2025-12-07 11:26:44] debug [reqwest::connect] starting new connection: https://api.github.com/
[2025-12-07 11:26:44] trace token was successfully refreshed in keepalive
[2025-12-07 11:27:15] debug [tunnels::connections::ws] received liveness pong
[2025-12-07 11:28:15] debug [tunnels::connections::ws] sent liveness ping
[2025-12-07 11:28:15] debug [tunnels::connections::ws] received liveness pong
[2025-12-07 11:29:15] debug [tunnels::connections::ws] received liveness pong
[2025-12-07 11:30:15] debug [tunnels::connections::ws] sent liveness ping
[2025-12-07 11:30:15] debug [tunnels::connections::ws] received liveness pong
[2025-12-07 11:31:15] debug [tunnels::connections::ws] received liveness pong
[2025-12-07 11:32:15] debug [tunnels::connections::ws] sent liveness ping
[2025-12-07 11:32:15] debug [tunnels::connections::ws] received liveness pong
[2025-12-07 11:33:15] debug [tunnels::connections::ws] received liveness pong
[2025-12-07 11:34:15] debug [tunnels::connections::ws] sent liveness ping
[2025-12-07 11:34:15] debug [tunnels::connections::ws] received liveness pong
[2025-12-07 11:35:15] debug [tunnels::connections::ws] sent liveness ping
[2025-12-07 11:35:15] debug [tunnels::connections::ws] received liveness pong
[2025-12-07 11:35:15] debug [tunnels::connections::ws] received liveness pong
[2025-12-07 11:36:15] debug [tunnels::connections::ws] sent liveness ping
[2025-12-07 11:36:15] debug [tunnels::connections::ws] received liveness pong
[2025-12-07 11:37:15] debug [tunnels::connections::ws] received liveness pong
[2025-12-07 11:38:15] debug [tunnels::connections::ws] sent liveness ping
[2025-12-07 11:38:15] debug [tunnels::connections::ws] received liveness pong
[2025-12-07 11:39:15] debug [tunnels::connections::ws] received liveness pong
[2025-12-07 11:40:15] debug [tunnels::connections::ws] sent liveness ping
[2025-12-07 11:40:15] debug [tunnels::connections::ws] received liveness pong
[2025-12-07 11:51:34] debug [tunnels::connections::ws] received liveness pong
[2025-12-07 11:51:34] debug [tunnels::connections::ws] received liveness pong
[2025-12-07 11:51:34] debug [tunnels::connections::ws] received liveness pong
[2025-12-07 11:51:34] debug [tunnels::connections::ws] received liveness pong
[2025-12-07 11:51:34] debug [tunnels::connections::ws] received liveness pong
[2025-12-07 11:51:34] debug [tunnels::connections::ws] received liveness pong
[2025-12-07 12:07:34] debug [tunnels::connections::ws] sent liveness ping
[2025-12-07 12:07:39] debug [tunnels::connections::ws] received liveness pong
[2025-12-07 12:07:39] debug [tunnels::connections::ws] received liveness pong
[2025-12-07 12:07:39] debug [tunnels::connections::ws] received liveness pong
[2025-12-07 12:07:39] debug [tunnels::connections::ws] received liveness pong
[2025-12-07 12:07:39] debug [tunnels::connections::ws] received liveness pong
[2025-12-07 12:07:39] debug [tunnels::connections::ws] received liveness pong
[2025-12-07 12:07:39] debug [tunnels::connections::ws] received liveness pong
[2025-12-07 12:07:39] debug [tunnels::connections::ws] received liveness pong
[2025-12-07 12:07:39] debug [tunnels::connections::ws] received liveness pong
[2025-12-07 12:23:39] debug [tunnels::connections::ws] received liveness pong
[2025-12-07 12:23:39] debug [tunnels::connections::ws] received liveness pong
[2025-12-07 12:23:39] debug [tunnels::connections::ws] received liveness pong
[2025-12-07 12:23:39] debug [tunnels::connections::ws] received liveness pong
[2025-12-07 12:23:39] debug [tunnels::connections::ws] received liveness pong
[2025-12-07 12:23:39] debug [tunnels::connections::ws] received liveness pong
[2025-12-07 12:23:39] debug [tunnels::connections::ws] received liveness pong
[2025-12-07 12:23:39] debug [tunnels::connections::ws] received liveness pong
[2025-12-07 12:41:31] debug [tunnels::connections::ws] sent liveness ping
[2025-12-07 12:41:41] info [tunnels::connections::ws] websocket pong timed out, closing
[2025-12-07 12:41:41] debug [russh::client] drop session
[2025-12-07 12:41:41] debug [tunnels::connections::relay_tunnel_host] disconnected primary session after EOF
[2025-12-07 12:41:41] warn Tunnel exited unexpectedly but gracefully, reconnecting
[2025-12-07 12:41:46] debug [russh::client] drop handle
[2025-12-07 12:41:46] debug Starting tunnel to server...
[2025-12-07 12:41:46] trace Found token in keyring
[2025-12-07 12:41:46] debug [reqwest::connect] starting new connection: https://api.github.com/
[2025-12-07 12:41:47] debug [reqwest::connect] starting new connection: https://use.rel.tunnels.api.visualstudio.com/
[2025-12-07 12:41:47] trace Successfully refreshed access token
[2025-12-07 12:41:47] trace Found token in keyring
[2025-12-07 12:41:47] debug [tungstenite::handshake::client] Client handshake done.
[2025-12-07 12:41:47] debug [russh::ssh_read] read_ssh_id: reading
[2025-12-07 12:41:47] debug [russh::ssh_read] read 39
[2025-12-07 12:41:47] debug [russh::ssh_read] Ok("SSH-2.0-Microsoft.DevTunnels.Ssh_3.12\r\n")
[2025-12-07 12:41:47] debug [russh::client] writing 352 bytes
[2025-12-07 12:41:47] debug [russh::ssh_read] id 39 39
[2025-12-07 12:41:47] debug [russh::client::kex] extending []
[2025-12-07 12:41:47] debug [russh::client::kex] algo = Names { kex: Name("none"), key: Name("none"), cipher: Name("none"), client_mac: Name("none"), server_mac: Name("none"), server_compression: None, client_compression: None, ignore_guessed: false }
[2025-12-07 12:41:47] debug [russh::client::kex] write = []
[2025-12-07 12:41:47] debug [russh::client::kex] i0 = 342
[2025-12-07 12:41:47] debug [russh::client::kex] moving to kexdhdone, exchange = Exchange { client_id: CryptoVec { p: 0x792d2c8c0, size: 20, capacity: 32 }, server_id: CryptoVec { p: 0x79311d680, size: 37, capacity: 64 }, client_kex_init: CryptoVec { p: 0x792d64c00, size: 342, capacity: 512 }, server_kex_init: CryptoVec { p: 0x792c08e80, size: 94, capacity: 128 }, client_ephemeral: CryptoVec { p: 0x1, size: 0, capacity: 0 }, server_ephemeral: CryptoVec { p: 0x1, size: 0, capacity: 0 } }
[2025-12-07 12:41:47] debug [tunnels::connections::relay_tunnel_host] established host relay primary session
[2025-12-07 12:49:53] debug [tunnels::connections::ws] received liveness pong
[2025-12-07 12:49:53] debug [tunnels::connections::ws] received liveness pong
[2025-12-07 12:49:53] debug [tunnels::connections::ws] received liveness pong
[2025-12-07 12:49:53] debug [tunnels::connections::ws] received liveness pong
[2025-12-07 12:50:53] debug [tunnels::connections::ws] sent liveness ping
[2025-12-07 12:50:53] debug [tunnels::connections::ws] received liveness pong
[2025-12-07 12:51:47] debug [tunnels::connections::ws] received liveness pong
[2025-12-07 12:52:47] debug [tunnels::connections::ws] sent liveness ping
[2025-12-07 12:52:47] debug [tunnels::connections::ws] received liveness pong
[2025-12-07 12:53:47] debug [tunnels::connections::ws] received liveness pong
[2025-12-07 12:54:47] debug [tunnels::connections::ws] sent liveness ping
[2025-12-07 12:54:47] debug [tunnels::connections::ws] received liveness pong
[2025-12-07 12:55:47] debug [tunnels::connections::ws] received liveness pong
[2025-12-07 12:56:47] debug [tunnels::connections::ws] sent liveness ping
[2025-12-07 12:56:47] debug [tunnels::connections::ws] received liveness pong
[2025-12-07 12:57:47] debug [tunnels::connections::ws] received liveness pong
[2025-12-07 12:58:47] debug [tunnels::connections::ws] sent liveness ping
[2025-12-07 12:58:47] debug [tunnels::connections::ws] received liveness pong
[2025-12-07 12:59:47] debug [tunnels::connections::ws] received liveness pong
[2025-12-07 13:00:47] debug [tunnels::connections::ws] sent liveness ping
[2025-12-07 13:00:47] debug [tunnels::connections::ws] received liveness pong
[2025-12-07 13:01:47] debug [tunnels::connections::ws] received liveness pong
[2025-12-07 13:02:47] debug [tunnels::connections::ws] sent liveness ping
[2025-12-07 13:02:47] debug [tunnels::connections::ws] received liveness pong
[2025-12-07 13:03:47] debug [tunnels::connections::ws] received liveness pong
[2025-12-07 13:04:47] debug [tunnels::connections::ws] sent liveness ping
[2025-12-07 13:04:47] debug [tunnels::connections::ws] received liveness pong
[2025-12-07 13:05:47] debug [tunnels::connections::ws] received liveness pong
[2025-12-07 13:06:47] debug [tunnels::connections::ws] sent liveness ping
[2025-12-07 13:06:47] debug [tunnels::connections::ws] received liveness pong
[2025-12-07 13:07:47] debug [tunnels::connections::ws] received liveness pong
[2025-12-07 13:08:47] debug [tunnels::connections::ws] sent liveness ping
[2025-12-07 13:08:47] debug [tunnels::connections::ws] received liveness pong
[2025-12-07 13:09:47] debug [tunnels::connections::ws] received liveness pong
[2025-12-07 13:10:47] debug [tunnels::connections::ws] sent liveness ping
[2025-12-07 13:10:47] debug [tunnels::connections::ws] received liveness pong
[2025-12-07 13:11:47] debug [tunnels::connections::ws] received liveness pong
[2025-12-07 13:12:47] debug [tunnels::connections::ws] sent liveness ping
[2025-12-07 13:12:47] debug [tunnels::connections::ws] received liveness pong
[2025-12-07 13:13:47] debug [tunnels::connections::ws] received liveness pong
[2025-12-07 13:14:47] debug [tunnels::connections::ws] sent liveness ping
[2025-12-07 13:14:47] debug [tunnels::connections::ws] received liveness pong
[2025-12-07 13:15:47] debug [tunnels::connections::ws] received liveness pong
[2025-12-07 13:16:47] debug [tunnels::connections::ws] sent liveness ping
[2025-12-07 13:16:47] debug [tunnels::connections::ws] received liveness pong
[2025-12-07 13:17:47] debug [tunnels::connections::ws] received liveness pong
[2025-12-07 13:18:47] debug [tunnels::connections::ws] sent liveness ping
[2025-12-07 13:18:47] debug [tunnels::connections::ws] received liveness pong
[2025-12-07 13:19:47] debug [tunnels::connections::ws] received liveness pong
[2025-12-07 13:20:47] debug [tunnels::connections::ws] sent liveness ping
[2025-12-07 13:20:47] debug [tunnels::connections::ws] received liveness pong
[2025-12-07 13:21:47] debug [tunnels::connections::ws] sent liveness ping
[2025-12-07 13:21:47] debug [tunnels::connections::ws] received liveness pong
[2025-12-07 13:21:47] debug [tunnels::connections::ws] received liveness pong
[2025-12-07 13:22:47] debug [tunnels::connections::ws] sent liveness ping
[2025-12-07 13:22:48] debug [tunnels::connections::ws] received liveness pong
[2025-12-07 13:23:47] debug [tunnels::connections::ws] received liveness pong
[2025-12-07 13:24:47] debug [tunnels::connections::ws] sent liveness ping
[2025-12-07 13:24:47] debug [tunnels::connections::ws] received liveness pong
[2025-12-07 13:25:47] debug [tunnels::connections::ws] received liveness pong
[2025-12-07 13:26:47] debug [tunnels::connections::ws] sent liveness ping
[2025-12-07 13:26:47] debug [tunnels::connections::ws] received liveness pong
[2025-12-07 13:27:47] debug [tunnels::connections::ws] received liveness pong
[2025-12-07 13:28:47] debug [tunnels::connections::ws] sent liveness ping
[2025-12-07 13:28:47] debug [tunnels::connections::ws] received liveness pong
[2025-12-07 13:29:47] debug [tunnels::connections::ws] received liveness pong
[2025-12-07 13:30:47] debug [tunnels::connections::ws] sent liveness ping
[2025-12-07 13:30:47] debug [tunnels::connections::ws] received liveness pong
[2025-12-07 13:31:47] debug [tunnels::connections::ws] received liveness pong
[2025-12-07 13:32:47] debug [tunnels::connections::ws] sent liveness ping
[2025-12-07 13:32:47] debug [tunnels::connections::ws] received liveness pong
[2025-12-07 13:32:58] debug [reqwest::connect] starting new connection: https://api.github.com/
[2025-12-07 13:32:58] trace token was successfully refreshed in keepalive
[2025-12-07 13:33:47] debug [tunnels::connections::ws] sent liveness ping
[2025-12-07 13:33:47] debug [tunnels::connections::ws] received liveness pong
[2025-12-07 13:33:47] debug [tunnels::connections::ws] received liveness pong
[2025-12-07 13:34:47] debug [tunnels::connections::ws] sent liveness ping
[2025-12-07 13:34:47] debug [tunnels::connections::ws] received liveness pong
[2025-12-07 13:35:47] debug [tunnels::connections::ws] received liveness pong
[2025-12-07 13:36:47] debug [tunnels::connections::ws] sent liveness ping
[2025-12-07 13:36:47] debug [tunnels::connections::ws] received liveness pong
[2025-12-07 13:37:47] debug [tunnels::connections::ws] received liveness pong
[2025-12-07 13:38:47] debug [tunnels::connections::ws] sent liveness ping
[2025-12-07 13:38:47] debug [tunnels::connections::ws] received liveness pong
[2025-12-07 13:39:47] debug [tunnels::connections::ws] sent liveness ping
[2025-12-07 13:39:47] debug [tunnels::connections::ws] received liveness pong
[2025-12-07 13:39:47] debug [tunnels::connections::ws] received liveness pong
[2025-12-07 13:40:47] debug [tunnels::connections::ws] sent liveness ping
[2025-12-07 13:40:47] debug [tunnels::connections::ws] received liveness pong
[2025-12-07 13:41:47] debug [tunnels::connections::ws] received liveness pong
[2025-12-07 13:42:47] debug [tunnels::connections::ws] sent liveness ping
[2025-12-07 13:42:47] debug [tunnels::connections::ws] received liveness pong
[2025-12-07 13:43:47] debug [tunnels::connections::ws] received liveness pong
[2025-12-07 13:44:47] debug [tunnels::connections::ws] sent liveness ping
[2025-12-07 13:44:47] debug [tunnels::connections::ws] received liveness pong
[2025-12-07 13:45:47] debug [tunnels::connections::ws] sent liveness ping
[2025-12-07 13:45:47] debug [tunnels::connections::ws] received liveness pong
[2025-12-07 13:45:47] debug [tunnels::connections::ws] received liveness pong
[2025-12-07 13:46:47] debug [tunnels::connections::ws] sent liveness ping
[2025-12-07 13:46:48] debug [tunnels::connections::ws] received liveness pong
[2025-12-07 13:47:47] debug [tunnels::connections::ws] received liveness pong
[2025-12-07 13:48:47] debug [tunnels::connections::ws] sent liveness ping
[2025-12-07 13:48:47] debug [tunnels::connections::ws] received liveness pong
[2025-12-07 13:50:22] debug [tunnels::connections::ws] received liveness pong
[2025-12-07 13:52:57] debug [tunnels::connections::ws] received liveness pong
[2025-12-07 13:53:47] debug [tunnels::connections::ws] received liveness pong
[2025-12-07 13:54:47] debug [tunnels::connections::ws] sent liveness ping
[2025-12-07 13:54:47] debug [tunnels::connections::ws] received liveness pong
[2025-12-07 13:55:47] debug [tunnels::connections::ws] sent liveness ping
[2025-12-07 13:55:47] debug [tunnels::connections::ws] received liveness pong
[2025-12-07 13:55:47] debug [tunnels::connections::ws] received liveness pong
[2025-12-07 13:56:47] debug [tunnels::connections::ws] sent liveness ping
[2025-12-07 13:56:47] debug [tunnels::connections::ws] received liveness pong
[2025-12-07 13:57:47] debug [tunnels::connections::ws] received liveness pong
[2025-12-07 13:58:47] debug [tunnels::connections::ws] sent liveness ping
[2025-12-07 13:58:48] debug [tunnels::connections::ws] received liveness pong
[2025-12-07 13:59:47] debug [tunnels::connections::ws] received liveness pong
[2025-12-07 14:00:47] debug [tunnels::connections::ws] sent liveness ping
[2025-12-07 14:00:47] debug [tunnels::connections::ws] received liveness pong
[2025-12-07 14:01:47] debug [tunnels::connections::ws] sent liveness ping
[2025-12-07 14:01:47] debug [tunnels::connections::ws] received liveness pong
[2025-12-07 14:01:47] debug [tunnels::connections::ws] received liveness pong
[2025-12-07 14:02:47] debug [tunnels::connections::ws] sent liveness ping
[2025-12-07 14:02:48] debug [tunnels::connections::ws] received liveness pong
[2025-12-07 14:03:47] debug [tunnels::connections::ws] received liveness pong
[2025-12-07 14:05:38] debug [tunnels::connections::ws] sent liveness ping
[2025-12-07 14:05:38] debug [tunnels::connections::ws] received liveness pong
[2025-12-07 14:08:58] debug [tunnels::connections::ws] sent liveness ping
[2025-12-07 14:09:08] info [tunnels::connections::ws] websocket pong timed out, closing
[2025-12-07 14:09:08] debug [russh::client] drop session
[2025-12-07 14:09:08] debug [tunnels::connections::relay_tunnel_host] disconnected primary session after EOF
[2025-12-07 14:09:08] warn Tunnel exited unexpectedly but gracefully, reconnecting
[2025-12-07 14:09:13] debug [russh::client] drop handle
[2025-12-07 14:09:13] debug Starting tunnel to server...
[2025-12-07 14:09:13] trace Found token in keyring
[2025-12-07 14:09:13] debug [reqwest::connect] starting new connection: https://api.github.com/
[2025-12-07 14:09:43] warn failed to check GitHub token: error sending request for url (https://api.github.com/user): error trying to connect: dns error: failed to lookup address information: nodename nor servname provided, or not known
[2025-12-07 14:09:43] debug [reqwest::connect] starting new connection: https://use.rel.tunnels.api.visualstudio.com/
[2025-12-07 14:21:02] trace Successfully refreshed access token
[2025-12-07 14:21:02] warn Error refreshing access token, will retry: failed to lookup tunnel for host token: connection error: error sending request for url (https://use.rel.tunnels.api.visualstudio.com/tunnels/fancy-river-cp3qhcr?tokenScopes=host&api-version=2023-09-27-preview): error trying to connect: dns error: failed to lookup address information: nodename nor servname provided, or not known
[2025-12-07 14:21:12] debug Starting tunnel to server...
[2025-12-07 14:21:12] trace Found token in keyring
[2025-12-07 14:21:12] debug [reqwest::connect] starting new connection: https://api.github.com/
[2025-12-07 14:21:12] debug [reqwest::connect] starting new connection: https://use.rel.tunnels.api.visualstudio.com/
[2025-12-07 14:21:12] trace Successfully refreshed access token
[2025-12-07 14:21:12] trace Found token in keyring
[2025-12-07 14:21:13] debug [tungstenite::handshake::client] Client handshake done.
[2025-12-07 14:21:13] debug [russh::ssh_read] read_ssh_id: reading
[2025-12-07 14:21:13] debug [russh::ssh_read] read 39
[2025-12-07 14:21:13] debug [russh::ssh_read] Ok("SSH-2.0-Microsoft.DevTunnels.Ssh_3.12\r\n")
[2025-12-07 14:21:13] debug [russh::client] writing 352 bytes
[2025-12-07 14:21:13] debug [russh::ssh_read] id 39 39
[2025-12-07 14:21:13] debug [russh::client::kex] extending []
[2025-12-07 14:21:13] debug [russh::client::kex] algo = Names { kex: Name("none"), key: Name("none"), cipher: Name("none"), client_mac: Name("none"), server_mac: Name("none"), server_compression: None, client_compression: None, ignore_guessed: false }
[2025-12-07 14:21:13] debug [russh::client::kex] write = []
[2025-12-07 14:21:13] debug [russh::client::kex] i0 = 342
[2025-12-07 14:21:13] debug [russh::client::kex] moving to kexdhdone, exchange = Exchange { client_id: CryptoVec { p: 0x792d2c780, size: 20, capacity: 32 }, server_id: CryptoVec { p: 0x79311db40, size: 37, capacity: 64 }, client_kex_init: CryptoVec { p: 0x792d65400, size: 342, capacity: 512 }, server_kex_init: CryptoVec { p: 0x792c09000, size: 94, capacity: 128 }, client_ephemeral: CryptoVec { p: 0x1, size: 0, capacity: 0 }, server_ephemeral: CryptoVec { p: 0x1, size: 0, capacity: 0 } }
[2025-12-07 14:21:13] debug [tunnels::connections::relay_tunnel_host] established host relay primary session
[2025-12-07 14:29:16] debug [tunnels::connections::ws] received liveness pong
[2025-12-07 14:29:16] debug [tunnels::connections::ws] received liveness pong
[2025-12-07 14:29:16] debug [tunnels::connections::ws] received liveness pong
[2025-12-07 14:29:16] debug [tunnels::connections::ws] received liveness pong
[2025-12-07 14:30:59] debug [tunnels::connections::ws] sent liveness ping
[2025-12-07 14:30:59] debug [tunnels::connections::ws] received liveness pong
[2025-12-07 14:31:13] debug [tunnels::connections::ws] received liveness pong
[2025-12-07 14:35:15] debug [tunnels::connections::ws] received liveness pong
[2025-12-07 14:35:15] debug [tunnels::connections::ws] received liveness pong
[2025-12-07 14:36:51] debug [tunnels::connections::ws] sent liveness ping
[2025-12-07 14:36:51] debug [tunnels::connections::ws] received liveness pong
[2025-12-07 14:37:13] debug [tunnels::connections::ws] received liveness pong
[2025-12-07 14:39:05] debug [tunnels::connections::ws] sent liveness ping
[2025-12-07 14:39:05] debug [tunnels::connections::ws] received liveness pong
[2025-12-07 14:40:14] debug [tunnels::connections::ws] received liveness pong
[2025-12-07 14:41:59] debug [tunnels::connections::ws] sent liveness ping
[2025-12-07 14:42:09] info [tunnels::connections::ws] websocket pong timed out, closing
[2025-12-07 14:42:09] debug [russh::client] drop session
[2025-12-07 14:42:09] debug [tunnels::connections::relay_tunnel_host] disconnected primary session after EOF
[2025-12-07 14:42:09] warn Tunnel exited unexpectedly but gracefully, reconnecting
[2025-12-07 14:42:14] debug [russh::client] drop handle
[2025-12-07 14:42:14] debug Starting tunnel to server...
[2025-12-07 14:42:14] trace Found token in keyring
[2025-12-07 14:42:14] debug [reqwest::connect] starting new connection: https://api.github.com/
[2025-12-07 14:42:14] debug [reqwest::connect] starting new connection: https://use.rel.tunnels.api.visualstudio.com/
[2025-12-07 14:42:14] trace Successfully refreshed access token
[2025-12-07 14:42:14] trace Found token in keyring
[2025-12-07 14:42:15] debug [tungstenite::handshake::client] Client handshake done.
[2025-12-07 14:42:15] debug [russh::ssh_read] read_ssh_id: reading
[2025-12-07 14:42:15] debug [russh::ssh_read] read 39
[2025-12-07 14:42:15] debug [russh::ssh_read] Ok("SSH-2.0-Microsoft.DevTunnels.Ssh_3.12\r\n")
[2025-12-07 14:42:15] debug [russh::client] writing 352 bytes
[2025-12-07 14:42:15] debug [russh::ssh_read] id 39 39
[2025-12-07 14:42:15] debug [russh::client::kex] extending []
[2025-12-07 14:42:15] debug [russh::client::kex] algo = Names { kex: Name("none"), key: Name("none"), cipher: Name("none"), client_mac: Name("none"), server_mac: Name("none"), server_compression: None, client_compression: None, ignore_guessed: false }
[2025-12-07 14:42:15] debug [russh::client::kex] write = []
[2025-12-07 14:42:15] debug [russh::client::kex] i0 = 342
[2025-12-07 14:42:15] debug [russh::client::kex] moving to kexdhdone, exchange = Exchange { client_id: CryptoVec { p: 0x792d2c940, size: 20, capacity: 32 }, server_id: CryptoVec { p: 0x79311ec80, size: 37, capacity: 64 }, client_kex_init: CryptoVec { p: 0x792d65600, size: 342, capacity: 512 }, server_kex_init: CryptoVec { p: 0x792c08e80, size: 94, capacity: 128 }, client_ephemeral: CryptoVec { p: 0x1, size: 0, capacity: 0 }, server_ephemeral: CryptoVec { p: 0x1, size: 0, capacity: 0 } }
[2025-12-07 14:42:15] debug [tunnels::connections::relay_tunnel_host] established host relay primary session
[2025-12-07 14:50:09] debug [tunnels::connections::ws] sent liveness ping
[2025-12-07 14:50:18] debug [tunnels::connections::ws] received liveness pong
[2025-12-07 14:50:18] debug [tunnels::connections::ws] received liveness pong
[2025-12-07 14:50:18] debug [tunnels::connections::ws] received liveness pong
[2025-12-07 14:50:18] debug [tunnels::connections::ws] received liveness pong
[2025-12-07 14:50:18] debug [tunnels::connections::ws] received liveness pong
[2025-12-07 14:54:18] debug [tunnels::connections::ws] received liveness pong
[2025-12-07 14:54:18] debug [tunnels::connections::ws] received liveness pong
[2025-12-07 14:59:13] debug [tunnels::connections::ws] sent liveness ping
[2025-12-07 14:59:58] info [tunnels::connections::ws] websocket pong timed out, closing
[2025-12-07 14:59:58] debug [russh::client] drop session
[2025-12-07 14:59:58] debug [tunnels::connections::relay_tunnel_host] disconnected primary session after EOF
[2025-12-07 14:59:58] warn Tunnel exited unexpectedly but gracefully, reconnecting
[2025-12-07 15:00:03] debug [russh::client] drop handle
[2025-12-07 15:00:03] debug Starting tunnel to server...
[2025-12-07 15:00:03] trace Found token in keyring
[2025-12-07 15:00:03] debug [reqwest::connect] starting new connection: https://api.github.com/
[2025-12-07 15:00:03] debug [reqwest::connect] starting new connection: https://use.rel.tunnels.api.visualstudio.com/
[2025-12-07 15:00:04] trace Successfully refreshed access token
[2025-12-07 15:00:04] trace Found token in keyring
[2025-12-07 15:00:04] debug [tungstenite::handshake::client] Client handshake done.
[2025-12-07 15:00:04] debug [russh::ssh_read] read_ssh_id: reading
[2025-12-07 15:00:04] debug [russh::ssh_read] read 39
[2025-12-07 15:00:04] debug [russh::ssh_read] Ok("SSH-2.0-Microsoft.DevTunnels.Ssh_3.12\r\n")
[2025-12-07 15:00:04] debug [russh::client] writing 352 bytes
[2025-12-07 15:00:04] debug [russh::ssh_read] id 39 39
[2025-12-07 15:00:04] debug [russh::client::kex] extending []
[2025-12-07 15:00:04] debug [russh::client::kex] algo = Names { kex: Name("none"), key: Name("none"), cipher: Name("none"), client_mac: Name("none"), server_mac: Name("none"), server_compression: None, client_compression: None, ignore_guessed: false }
[2025-12-07 15:00:04] debug [russh::client::kex] write = []
[2025-12-07 15:00:04] debug [russh::client::kex] i0 = 342
[2025-12-07 15:00:04] debug [russh::client::kex] moving to kexdhdone, exchange = Exchange { client_id: CryptoVec { p: 0x792d2c900, size: 20, capacity: 32 }, server_id: CryptoVec { p: 0x79311da00, size: 37, capacity: 64 }, client_kex_init: CryptoVec { p: 0x792d64a00, size: 342, capacity: 512 }, server_kex_init: CryptoVec { p: 0x792c09000, size: 94, capacity: 128 }, client_ephemeral: CryptoVec { p: 0x1, size: 0, capacity: 0 }, server_ephemeral: CryptoVec { p: 0x1, size: 0, capacity: 0 } }
[2025-12-07 15:00:04] debug [tunnels::connections::relay_tunnel_host] established host relay primary session
[2025-12-07 15:03:03] debug [tunnels::connections::ws] sent liveness ping
[2025-12-07 15:03:04] debug [tunnels::connections::ws] received liveness pong
[2025-12-07 15:03:04] debug [tunnels::connections::ws] received liveness pong
[2025-12-07 15:06:07] debug [tunnels::connections::ws] received liveness pong
[2025-12-07 15:06:07] debug [tunnels::connections::ws] received liveness pong
[2025-12-07 15:08:04] debug [tunnels::connections::ws] received liveness pong
[2025-12-07 15:19:49] debug [tunnels::connections::ws] sent liveness ping
[2025-12-07 15:19:59] info [tunnels::connections::ws] websocket pong timed out, closing
[2025-12-07 15:19:59] debug [russh::client] drop session
[2025-12-07 15:19:59] debug [tunnels::connections::relay_tunnel_host] disconnected primary session after EOF
[2025-12-07 15:19:59] warn Tunnel exited unexpectedly but gracefully, reconnecting
[2025-12-07 15:20:04] debug [russh::client] drop handle
[2025-12-07 15:20:04] debug Starting tunnel to server...
[2025-12-07 15:20:04] trace Found token in keyring
[2025-12-07 15:20:04] debug [reqwest::connect] starting new connection: https://api.github.com/
[2025-12-07 15:20:05] debug [reqwest::connect] starting new connection: https://use.rel.tunnels.api.visualstudio.com/
[2025-12-07 15:20:05] trace Successfully refreshed access token
[2025-12-07 15:20:05] trace Found token in keyring
[2025-12-07 15:20:05] debug [tungstenite::handshake::client] Client handshake done.
[2025-12-07 15:20:05] debug [russh::ssh_read] read_ssh_id: reading
[2025-12-07 15:20:05] debug [russh::ssh_read] read 39
[2025-12-07 15:20:05] debug [russh::ssh_read] Ok("SSH-2.0-Microsoft.DevTunnels.Ssh_3.12\r\n")
[2025-12-07 15:20:05] debug [russh::client] writing 352 bytes
[2025-12-07 15:20:05] debug [russh::ssh_read] id 39 39
[2025-12-07 15:20:05] debug [russh::client::kex] extending []
[2025-12-07 15:20:05] debug [russh::client::kex] algo = Names { kex: Name("none"), key: Name("none"), cipher: Name("none"), client_mac: Name("none"), server_mac: Name("none"), server_compression: None, client_compression: None, ignore_guessed: false }
[2025-12-07 15:20:05] debug [russh::client::kex] write = []
[2025-12-07 15:20:05] debug [russh::client::kex] i0 = 342
[2025-12-07 15:20:05] debug [russh::client::kex] moving to kexdhdone, exchange = Exchange { client_id: CryptoVec { p: 0x792d2c9a0, size: 20, capacity: 32 }, server_id: CryptoVec { p: 0x79311dac0, size: 37, capacity: 64 }, client_kex_init: CryptoVec { p: 0x792d64400, size: 342, capacity: 512 }, server_kex_init: CryptoVec { p: 0x792c08e80, size: 94, capacity: 128 }, client_ephemeral: CryptoVec { p: 0x1, size: 0, capacity: 0 }, server_ephemeral: CryptoVec { p: 0x1, size: 0, capacity: 0 } }
[2025-12-07 15:20:05] debug [tunnels::connections::relay_tunnel_host] established host relay primary session
[2025-12-07 15:21:38] debug [tunnels::connections::ws] sent liveness ping
[2025-12-07 15:21:38] debug [tunnels::connections::ws] received liveness pong
[2025-12-07 15:35:56] debug [tunnels::connections::ws] sent liveness ping
[2025-12-07 15:36:06] info [tunnels::connections::ws] websocket pong timed out, closing
[2025-12-07 15:36:06] debug [russh::client] drop session
[2025-12-07 15:36:06] debug [tunnels::connections::relay_tunnel_host] disconnected primary session after EOF
[2025-12-07 15:36:06] warn Tunnel exited unexpectedly but gracefully, reconnecting
[2025-12-07 15:36:11] debug [russh::client] drop handle
[2025-12-07 15:36:11] debug Starting tunnel to server...
[2025-12-07 15:36:11] trace Found token in keyring
[2025-12-07 15:36:11] debug [reqwest::connect] starting new connection: https://api.github.com/
[2025-12-07 15:36:11] debug [reqwest::connect] starting new connection: https://use.rel.tunnels.api.visualstudio.com/
[2025-12-07 15:36:12] trace Successfully refreshed access token
[2025-12-07 15:36:12] trace Found token in keyring
[2025-12-07 15:36:12] debug [tungstenite::handshake::client] Client handshake done.
[2025-12-07 15:36:12] debug [russh::ssh_read] read_ssh_id: reading
[2025-12-07 15:36:12] debug [russh::ssh_read] read 39
[2025-12-07 15:36:12] debug [russh::ssh_read] Ok("SSH-2.0-Microsoft.DevTunnels.Ssh_3.12\r\n")
[2025-12-07 15:36:12] debug [russh::client] writing 352 bytes
[2025-12-07 15:36:12] debug [russh::ssh_read] id 39 39
[2025-12-07 15:36:12] debug [russh::client::kex] extending []
[2025-12-07 15:36:12] debug [russh::client::kex] algo = Names { kex: Name("none"), key: Name("none"), cipher: Name("none"), client_mac: Name("none"), server_mac: Name("none"), server_compression: None, client_compression: None, ignore_guessed: false }
[2025-12-07 15:36:12] debug [russh::client::kex] write = []
[2025-12-07 15:36:12] debug [russh::client::kex] i0 = 342
[2025-12-07 15:36:12] debug [russh::client::kex] moving to kexdhdone, exchange = Exchange { client_id: CryptoVec { p: 0x792d2cb60, size: 20, capacity: 32 }, server_id: CryptoVec { p: 0x79311ebc0, size: 37, capacity: 64 }, client_kex_init: CryptoVec { p: 0x792d64a00, size: 342, capacity: 512 }, server_kex_init: CryptoVec { p: 0x792c09000, size: 94, capacity: 128 }, client_ephemeral: CryptoVec { p: 0x1, size: 0, capacity: 0 }, server_ephemeral: CryptoVec { p: 0x1, size: 0, capacity: 0 } }
[2025-12-07 15:36:12] debug [tunnels::connections::relay_tunnel_host] established host relay primary session
[2025-12-07 15:40:14] debug [tunnels::connections::ws] sent liveness ping
[2025-12-07 15:41:53] info [tunnels::connections::ws] websocket pong timed out, closing
[2025-12-07 15:41:53] debug [russh::client] drop session
[2025-12-07 15:41:53] debug [tunnels::connections::relay_tunnel_host] disconnected primary session after EOF
[2025-12-07 15:41:53] warn Tunnel exited unexpectedly but gracefully, reconnecting
[2025-12-07 15:41:58] debug [russh::client] drop handle
[2025-12-07 15:41:58] debug Starting tunnel to server...
[2025-12-07 15:41:58] trace Found token in keyring
[2025-12-07 15:41:58] warn failed to check GitHub token: error sending request for url (https://api.github.com/user): connection closed before message completed
[2025-12-07 15:41:58] trace Successfully refreshed access token
[2025-12-07 15:41:58] warn Error refreshing access token, will retry: failed to lookup tunnel for host token: connection error: error sending request for url (https://use.rel.tunnels.api.visualstudio.com/tunnels/fancy-river-cp3qhcr?tokenScopes=host&api-version=2023-09-27-preview): connection closed before message completed
[2025-12-07 15:42:08] debug Starting tunnel to server...
[2025-12-07 15:42:08] trace Found token in keyring
[2025-12-07 15:42:08] debug [reqwest::connect] starting new connection: https://api.github.com/
[2025-12-07 15:42:08] debug [reqwest::connect] starting new connection: https://use.rel.tunnels.api.visualstudio.com/
[2025-12-07 15:42:09] trace Successfully refreshed access token
[2025-12-07 15:42:09] trace Found token in keyring
[2025-12-07 15:42:09] debug [tungstenite::handshake::client] Client handshake done.
[2025-12-07 15:42:09] debug [russh::ssh_read] read_ssh_id: reading
[2025-12-07 15:42:09] debug [russh::ssh_read] read 39
[2025-12-07 15:42:09] debug [russh::ssh_read] Ok("SSH-2.0-Microsoft.DevTunnels.Ssh_3.12\r\n")
[2025-12-07 15:42:09] debug [russh::client] writing 352 bytes
[2025-12-07 15:42:09] debug [russh::ssh_read] id 39 39
[2025-12-07 15:42:09] debug [russh::client::kex] extending []
[2025-12-07 15:42:09] debug [russh::client::kex] algo = Names { kex: Name("none"), key: Name("none"), cipher: Name("none"), client_mac: Name("none"), server_mac: Name("none"), server_compression: None, client_compression: None, ignore_guessed: false }
[2025-12-07 15:42:09] debug [russh::client::kex] write = []
[2025-12-07 15:42:09] debug [russh::client::kex] i0 = 342
[2025-12-07 15:42:09] debug [russh::client::kex] moving to kexdhdone, exchange = Exchange { client_id: CryptoVec { p: 0x792d2cb20, size: 20, capacity: 32 }, server_id: CryptoVec { p: 0x79311d9c0, size: 37, capacity: 64 }, client_kex_init: CryptoVec { p: 0x792d64800, size: 342, capacity: 512 }, server_kex_init: CryptoVec { p: 0x792c08e80, size: 94, capacity: 128 }, client_ephemeral: CryptoVec { p: 0x1, size: 0, capacity: 0 }, server_ephemeral: CryptoVec { p: 0x1, size: 0, capacity: 0 } }
[2025-12-07 15:42:09] debug [tunnels::connections::relay_tunnel_host] established host relay primary session
[2025-12-07 15:44:17] debug [tunnels::connections::ws] received liveness pong
[2025-12-07 15:46:00] debug [tunnels::connections::ws] sent liveness ping
[2025-12-07 15:46:00] debug [tunnels::connections::ws] received liveness pong
[2025-12-07 15:46:09] debug [tunnels::connections::ws] received liveness pong
[2025-12-07 15:49:16] debug [tunnels::connections::ws] received liveness pong
[2025-12-07 15:50:09] debug [tunnels::connections::ws] received liveness pong
[2025-12-07 15:51:09] debug [tunnels::connections::ws] sent liveness ping
[2025-12-07 15:51:09] debug [tunnels::connections::ws] received liveness pong
[2025-12-07 15:52:09] debug [tunnels::connections::ws] received liveness pong
[2025-12-07 15:53:09] debug [tunnels::connections::ws] sent liveness ping
[2025-12-07 15:53:10] debug [tunnels::connections::ws] received liveness pong
[2025-12-07 15:54:10] debug [tunnels::connections::ws] sent liveness ping
[2025-12-07 15:54:10] debug [tunnels::connections::ws] received liveness pong
[2025-12-07 15:54:10] debug [tunnels::connections::ws] received liveness pong
[2025-12-07 15:55:10] debug [tunnels::connections::ws] sent liveness ping
[2025-12-07 15:55:10] debug [tunnels::connections::ws] received liveness pong
[2025-12-07 15:56:10] debug [tunnels::connections::ws] received liveness pong
[2025-12-07 15:57:10] debug [tunnels::connections::ws] sent liveness ping
[2025-12-07 15:57:10] debug [tunnels::connections::ws] received liveness pong
[2025-12-07 15:58:09] debug [tunnels::connections::ws] received liveness pong
[2025-12-07 15:58:12] debug [reqwest::connect] starting new connection: https://api.github.com/
[2025-12-07 15:58:12] trace token was successfully refreshed in keepalive
[2025-12-07 15:59:09] debug [tunnels::connections::ws] sent liveness ping
[2025-12-07 15:59:10] debug [tunnels::connections::ws] received liveness pong
[2025-12-07 16:00:09] debug [tunnels::connections::ws] received liveness pong
[2025-12-07 16:01:09] debug [tunnels::connections::ws] sent liveness ping
[2025-12-07 16:01:09] debug [tunnels::connections::ws] received liveness pong
[2025-12-07 16:02:09] debug [tunnels::connections::ws] received liveness pong
[2025-12-07 16:03:10] debug [tunnels::connections::ws] sent liveness ping
[2025-12-07 16:03:10] debug [tunnels::connections::ws] received liveness pong
[2025-12-07 16:04:10] debug [tunnels::connections::ws] received liveness pong
[2025-12-07 16:05:10] debug [tunnels::connections::ws] sent liveness ping
[2025-12-07 16:05:10] debug [tunnels::connections::ws] received liveness pong
[2025-12-07 16:06:09] debug [tunnels::connections::ws] received liveness pong
[2025-12-07 16:07:09] debug [tunnels::connections::ws] sent liveness ping
[2025-12-07 16:07:09] debug [tunnels::connections::ws] received liveness pong
[2025-12-07 16:08:09] debug [tunnels::connections::ws] received liveness pong
[2025-12-07 16:09:09] debug [tunnels::connections::ws] sent liveness ping
[2025-12-07 16:09:09] debug [tunnels::connections::ws] received liveness pong
[2025-12-07 16:10:09] debug [tunnels::connections::ws] received liveness pong
[2025-12-07 16:11:09] debug [tunnels::connections::ws] sent liveness ping
[2025-12-07 16:11:09] debug [tunnels::connections::ws] received liveness pong
[2025-12-07 16:12:09] debug [tunnels::connections::ws] received liveness pong
[2025-12-07 16:13:09] debug [tunnels::connections::ws] sent liveness ping
[2025-12-07 16:13:09] debug [tunnels::connections::ws] received liveness pong
[2025-12-07 16:14:09] debug [tunnels::connections::ws] sent liveness ping
[2025-12-07 16:14:09] debug [tunnels::connections::ws] received liveness pong
[2025-12-07 16:14:10] debug [tunnels::connections::ws] received liveness pong
[2025-12-07 16:15:10] debug [tunnels::connections::ws] sent liveness ping
[2025-12-07 16:15:10] debug [tunnels::connections::ws] received liveness pong
[2025-12-07 16:16:10] debug [tunnels::connections::ws] received liveness pong
[2025-12-07 16:17:10] debug [tunnels::connections::ws] sent liveness ping
[2025-12-07 16:17:10] debug [tunnels::connections::ws] received liveness pong
[2025-12-07 16:18:10] debug [tunnels::connections::ws] received liveness pong
[2025-12-07 16:19:10] debug [tunnels::connections::ws] sent liveness ping
[2025-12-07 16:19:10] debug [tunnels::connections::ws] received liveness pong
[2025-12-07 16:20:10] debug [tunnels::connections::ws] sent liveness ping
[2025-12-07 16:20:10] debug [tunnels::connections::ws] received liveness pong
[2025-12-07 16:20:10] debug [tunnels::connections::ws] received liveness pong
[2025-12-07 16:21:10] debug [tunnels::connections::ws] sent liveness ping
[2025-12-07 16:21:10] debug [tunnels::connections::ws] received liveness pong
[2025-12-07 16:22:10] debug [tunnels::connections::ws] received liveness pong
[2025-12-07 16:23:10] debug [tunnels::connections::ws] sent liveness ping
[2025-12-07 16:23:10] debug [tunnels::connections::ws] received liveness pong
[2025-12-07 16:24:09] debug [tunnels::connections::ws] received liveness pong
[2025-12-07 16:25:09] debug [tunnels::connections::ws] sent liveness ping
[2025-12-07 16:25:10] debug [tunnels::connections::ws] received liveness pong
[2025-12-07 16:26:27] debug [tunnels::connections::ws] received liveness pong
[2025-12-07 16:28:01] debug [tunnels::connections::ws] sent liveness ping
[2025-12-07 16:28:01] debug [tunnels::connections::ws] received liveness pong
[2025-12-07 16:28:10] debug [tunnels::connections::ws] received liveness pong
[2025-12-07 16:30:46] debug [tunnels::connections::ws] received liveness pong
[2025-12-07 16:32:00] debug [tunnels::connections::ws] sent liveness ping
[2025-12-07 16:32:00] debug [tunnels::connections::ws] received liveness pong
[2025-12-07 16:32:10] debug [tunnels::connections::ws] received liveness pong
[2025-12-07 16:33:47] debug [tunnels::connections::ws] sent liveness ping
[2025-12-07 16:33:47] debug [tunnels::connections::ws] received liveness pong
[2025-12-07 16:36:30] debug [tunnels::connections::ws] received liveness pong
[2025-12-07 16:36:30] debug [tunnels::connections::ws] received liveness pong
[2025-12-07 16:37:34] debug [tunnels::connections::ws] sent liveness ping
[2025-12-07 16:37:34] debug [tunnels::connections::ws] received liveness pong
[2025-12-07 16:38:09] debug [tunnels::connections::ws] received liveness pong
[2025-12-07 16:42:27] debug [tunnels::connections::ws] received liveness pong
[2025-12-07 16:42:27] debug [tunnels::connections::ws] received liveness pong
[2025-12-07 16:45:51] debug [tunnels::connections::ws] received liveness pong
[2025-12-07 16:46:10] debug [tunnels::connections::ws] received liveness pong
[2025-12-07 16:47:45] debug [tunnels::connections::ws] sent liveness ping
[2025-12-07 16:47:45] debug [tunnels::connections::ws] received liveness pong
[2025-12-07 16:49:41] debug [tunnels::connections::ws] received liveness pong
[2025-12-07 16:50:09] debug [tunnels::connections::ws] received liveness pong
[2025-12-07 16:53:32] debug [tunnels::connections::ws] received liveness pong
[2025-12-07 16:54:10] debug [tunnels::connections::ws] received liveness pong
[2025-12-07 16:55:42] debug [tunnels::connections::ws] sent liveness ping
[2025-12-07 16:55:42] debug [tunnels::connections::ws] received liveness pong
[2025-12-07 17:00:31] debug [tunnels::connections::ws] sent liveness ping
[2025-12-07 17:00:41] info [tunnels::connections::ws] websocket pong timed out, closing
[2025-12-07 17:00:41] debug [russh::client] drop session
[2025-12-07 17:00:41] debug [tunnels::connections::relay_tunnel_host] disconnected primary session after EOF
[2025-12-07 17:00:41] warn Tunnel exited unexpectedly but gracefully, reconnecting
[2025-12-07 17:00:46] debug [russh::client] drop handle
[2025-12-07 17:00:46] debug Starting tunnel to server...
[2025-12-07 17:00:46] trace Found token in keyring
[2025-12-07 17:00:46] debug [reqwest::connect] starting new connection: https://api.github.com/
[2025-12-07 17:00:46] debug [reqwest::connect] starting new connection: https://use.rel.tunnels.api.visualstudio.com/
[2025-12-07 17:00:47] trace Successfully refreshed access token
[2025-12-07 17:00:47] trace Found token in keyring
[2025-12-07 17:00:47] debug [tungstenite::handshake::client] Client handshake done.
[2025-12-07 17:00:47] debug [russh::ssh_read] read_ssh_id: reading
[2025-12-07 17:00:47] debug [russh::ssh_read] read 39
[2025-12-07 17:00:47] debug [russh::ssh_read] Ok("SSH-2.0-Microsoft.DevTunnels.Ssh_3.12\r\n")
[2025-12-07 17:00:47] debug [russh::client] writing 352 bytes
[2025-12-07 17:00:47] debug [russh::ssh_read] id 39 39
[2025-12-07 17:00:47] debug [russh::client::kex] extending []
[2025-12-07 17:00:47] debug [russh::client::kex] algo = Names { kex: Name("none"), key: Name("none"), cipher: Name("none"), client_mac: Name("none"), server_mac: Name("none"), server_compression: None, client_compression: None, ignore_guessed: false }
[2025-12-07 17:00:47] debug [russh::client::kex] write = []
[2025-12-07 17:00:47] debug [russh::client::kex] i0 = 342
[2025-12-07 17:00:47] debug [russh::client::kex] moving to kexdhdone, exchange = Exchange { client_id: CryptoVec { p: 0x792d2c8c0, size: 20, capacity: 32 }, server_id: CryptoVec { p: 0x79311db80, size: 37, capacity: 64 }, client_kex_init: CryptoVec { p: 0x792d64c00, size: 342, capacity: 512 }, server_kex_init: CryptoVec { p: 0x792c08c00, size: 94, capacity: 128 }, client_ephemeral: CryptoVec { p: 0x1, size: 0, capacity: 0 }, server_ephemeral: CryptoVec { p: 0x1, size: 0, capacity: 0 } }
[2025-12-07 17:00:47] debug [tunnels::connections::relay_tunnel_host] established host relay primary session
[2025-12-07 17:02:41] debug [tunnels::connections::ws] sent liveness ping
[2025-12-07 17:02:42] debug [tunnels::connections::ws] received liveness pong
[2025-12-07 17:02:47] debug [tunnels::connections::ws] received liveness pong
[2025-12-07 17:05:48] debug [tunnels::connections::ws] received liveness pong
[2025-12-07 17:08:17] debug [tunnels::connections::ws] sent liveness ping
[2025-12-07 17:08:27] info [tunnels::connections::ws] websocket pong timed out, closing
[2025-12-07 17:08:27] debug [russh::client] drop session
[2025-12-07 17:08:27] debug [tunnels::connections::relay_tunnel_host] disconnected primary session after EOF
[2025-12-07 17:08:27] warn Tunnel exited unexpectedly but gracefully, reconnecting
[2025-12-07 17:08:32] debug [russh::client] drop handle
[2025-12-07 17:08:32] debug Starting tunnel to server...
[2025-12-07 17:08:32] trace Found token in keyring
[2025-12-07 17:08:32] debug [reqwest::connect] starting new connection: https://api.github.com/
[2025-12-07 17:08:32] debug [reqwest::connect] starting new connection: https://use.rel.tunnels.api.visualstudio.com/
[2025-12-07 17:08:32] trace Successfully refreshed access token
[2025-12-07 17:08:32] trace Found token in keyring
[2025-12-07 17:08:33] debug [tungstenite::handshake::client] Client handshake done.
[2025-12-07 17:08:33] debug [russh::ssh_read] read_ssh_id: reading
[2025-12-07 17:08:33] debug [russh::ssh_read] read 39
[2025-12-07 17:08:33] debug [russh::ssh_read] Ok("SSH-2.0-Microsoft.DevTunnels.Ssh_3.12\r\n")
[2025-12-07 17:08:33] debug [russh::client] writing 352 bytes
[2025-12-07 17:08:33] debug [russh::ssh_read] id 39 39
[2025-12-07 17:08:33] debug [russh::client::kex] extending []
[2025-12-07 17:08:33] debug [russh::client::kex] algo = Names { kex: Name("none"), key: Name("none"), cipher: Name("none"), client_mac: Name("none"), server_mac: Name("none"), server_compression: None, client_compression: None, ignore_guessed: false }
[2025-12-07 17:08:33] debug [russh::client::kex] write = []
[2025-12-07 17:08:33] debug [russh::client::kex] i0 = 342
[2025-12-07 17:08:33] debug [russh::client::kex] moving to kexdhdone, exchange = Exchange { client_id: CryptoVec { p: 0x792d2c2a0, size: 20, capacity: 32 }, server_id: CryptoVec { p: 0x79311ed00, size: 37, capacity: 64 }, client_kex_init: CryptoVec { p: 0x792d64800, size: 342, capacity: 512 }, server_kex_init: CryptoVec { p: 0x792c08e80, size: 94, capacity: 128 }, client_ephemeral: CryptoVec { p: 0x1, size: 0, capacity: 0 }, server_ephemeral: CryptoVec { p: 0x1, size: 0, capacity: 0 } }
[2025-12-07 17:08:33] debug [tunnels::connections::relay_tunnel_host] established host relay primary session
[2025-12-07 17:10:33] debug [tunnels::connections::ws] received liveness pong
[2025-12-07 17:12:08] debug [tunnels::connections::ws] sent liveness ping
[2025-12-07 17:12:08] debug [tunnels::connections::ws] received liveness pong
[2025-12-07 17:12:33] debug [tunnels::connections::ws] received liveness pong
[2025-12-07 17:17:27] debug [tunnels::connections::ws] sent liveness ping
[2025-12-07 17:18:18] info [tunnels::connections::ws] websocket pong timed out, closing
[2025-12-07 17:18:18] debug [russh::client] drop session
[2025-12-07 17:18:18] debug [tunnels::connections::relay_tunnel_host] disconnected primary session after EOF
[2025-12-07 17:18:18] warn Tunnel exited unexpectedly but gracefully, reconnecting
[2025-12-07 17:18:23] debug [russh::client] drop handle
[2025-12-07 17:18:23] debug Starting tunnel to server...
[2025-12-07 17:18:23] trace Found token in keyring
[2025-12-07 17:18:23] debug [reqwest::connect] starting new connection: https://api.github.com/
[2025-12-07 17:18:24] debug [reqwest::connect] starting new connection: https://use.rel.tunnels.api.visualstudio.com/
[2025-12-07 17:18:25] trace Successfully refreshed access token
[2025-12-07 17:18:25] trace Found token in keyring
[2025-12-07 17:18:29] debug [tungstenite::handshake::client] Client handshake done.
[2025-12-07 17:18:29] debug [russh::ssh_read] read_ssh_id: reading
[2025-12-07 17:18:29] debug [russh::ssh_read] read 39
[2025-12-07 17:18:29] debug [russh::ssh_read] Ok("SSH-2.0-Microsoft.DevTunnels.Ssh_3.12\r\n")
[2025-12-07 17:18:29] debug [russh::client] writing 352 bytes
[2025-12-07 17:18:29] debug [russh::ssh_read] id 39 39
[2025-12-07 17:18:29] debug [russh::client::kex] extending []
[2025-12-07 17:18:29] debug [russh::client::kex] algo = Names { kex: Name("none"), key: Name("none"), cipher: Name("none"), client_mac: Name("none"), server_mac: Name("none"), server_compression: None, client_compression: None, ignore_guessed: false }
[2025-12-07 17:18:29] debug [russh::client::kex] write = []
[2025-12-07 17:18:29] debug [russh::client::kex] i0 = 342
[2025-12-07 17:18:29] debug [russh::client::kex] moving to kexdhdone, exchange = Exchange { client_id: CryptoVec { p: 0x792d2c200, size: 20, capacity: 32 }, server_id: CryptoVec { p: 0x79311dac0, size: 37, capacity: 64 }, client_kex_init: CryptoVec { p: 0x792d64400, size: 342, capacity: 512 }, server_kex_init: CryptoVec { p: 0x792c08c00, size: 94, capacity: 128 }, client_ephemeral: CryptoVec { p: 0x1, size: 0, capacity: 0 }, server_ephemeral: CryptoVec { p: 0x1, size: 0, capacity: 0 } }
[2025-12-07 17:18:29] debug [tunnels::connections::relay_tunnel_host] established host relay primary session
[2025-12-07 17:23:58] debug [tunnels::connections::ws] sent liveness ping
[2025-12-07 17:24:08] info [tunnels::connections::ws] websocket pong timed out, closing
[2025-12-07 17:24:08] debug [russh::client] drop session
[2025-12-07 17:24:08] debug [tunnels::connections::relay_tunnel_host] disconnected primary session after EOF
[2025-12-07 17:24:08] warn Tunnel exited unexpectedly but gracefully, reconnecting
[2025-12-07 17:24:13] debug [russh::client] drop handle
[2025-12-07 17:24:13] debug Starting tunnel to server...
[2025-12-07 17:24:13] trace Found token in keyring
[2025-12-07 17:24:13] debug [reqwest::connect] starting new connection: https://api.github.com/
[2025-12-07 17:24:14] trace Successfully refreshed access token
[2025-12-07 17:24:14] warn Error refreshing access token, will retry: failed to lookup tunnel for host token: connection error: error sending request for url (https://use.rel.tunnels.api.visualstudio.com/tunnels/fancy-river-cp3qhcr?tokenScopes=host&api-version=2023-09-27-preview): connection closed before message completed
[2025-12-07 17:24:24] debug Starting tunnel to server...
[2025-12-07 17:24:24] trace Found token in keyring
[2025-12-07 17:24:24] debug [reqwest::connect] starting new connection: https://use.rel.tunnels.api.visualstudio.com/
[2025-12-07 17:24:24] trace Successfully refreshed access token
[2025-12-07 17:24:24] trace Found token in keyring
[2025-12-07 17:24:24] debug [tungstenite::handshake::client] Client handshake done.
[2025-12-07 17:24:24] debug [russh::ssh_read] read_ssh_id: reading
[2025-12-07 17:24:24] debug [russh::ssh_read] read 39
[2025-12-07 17:24:24] debug [russh::ssh_read] Ok("SSH-2.0-Microsoft.DevTunnels.Ssh_3.12\r\n")
[2025-12-07 17:24:24] debug [russh::client] writing 352 bytes
[2025-12-07 17:24:24] debug [russh::ssh_read] id 39 39
[2025-12-07 17:24:24] debug [russh::client::kex] extending []
[2025-12-07 17:24:24] debug [russh::client::kex] algo = Names { kex: Name("none"), key: Name("none"), cipher: Name("none"), client_mac: Name("none"), server_mac: Name("none"), server_compression: None, client_compression: None, ignore_guessed: false }
[2025-12-07 17:24:24] debug [russh::client::kex] write = []
[2025-12-07 17:24:24] debug [russh::client::kex] i0 = 342
[2025-12-07 17:24:24] debug [russh::client::kex] moving to kexdhdone, exchange = Exchange { client_id: CryptoVec { p: 0x792d2c780, size: 20, capacity: 32 }, server_id: CryptoVec { p: 0x79311d440, size: 37, capacity: 64 }, client_kex_init: CryptoVec { p: 0x792d65400, size: 342, capacity: 512 }, server_kex_init: CryptoVec { p: 0x792c08e80, size: 94, capacity: 128 }, client_ephemeral: CryptoVec { p: 0x1, size: 0, capacity: 0 }, server_ephemeral: CryptoVec { p: 0x1, size: 0, capacity: 0 } }
[2025-12-07 17:24:24] debug [tunnels::connections::relay_tunnel_host] established host relay primary session
[2025-12-07 17:28:20] debug [tunnels::connections::ws] sent liveness ping
[2025-12-07 17:28:27] debug [tunnels::connections::ws] received liveness pong
[2025-12-07 17:28:27] debug [tunnels::connections::ws] received liveness pong
[2025-12-07 17:28:27] debug [tunnels::connections::ws] received liveness pong
[2025-12-07 17:37:56] debug [tunnels::connections::ws] sent liveness ping
[2025-12-07 17:55:03] info [tunnels::connections::ws] websocket pong timed out, closing
[2025-12-07 17:55:03] debug [russh::client] drop session
[2025-12-07 17:55:03] debug [tunnels::connections::relay_tunnel_host] disconnected primary session after EOF
[2025-12-07 17:55:03] warn Tunnel exited unexpectedly but gracefully, reconnecting
[2025-12-07 17:55:08] debug [russh::client] drop handle
[2025-12-07 17:55:08] debug Starting tunnel to server...
[2025-12-07 17:55:08] trace Found token in keyring
[2025-12-07 17:55:08] debug [reqwest::connect] starting new connection: https://api.github.com/
[2025-12-07 17:55:11] debug [reqwest::connect] starting new connection: https://use.rel.tunnels.api.visualstudio.com/
[2025-12-07 17:55:15] trace Successfully refreshed access token
[2025-12-07 17:55:15] trace Found token in keyring
[2025-12-07 17:55:16] debug [tungstenite::handshake::client] Client handshake done.
[2025-12-07 17:55:16] debug [russh::ssh_read] read_ssh_id: reading
[2025-12-07 17:55:16] debug [russh::ssh_read] read 39
[2025-12-07 17:55:16] debug [russh::ssh_read] Ok("SSH-2.0-Microsoft.DevTunnels.Ssh_3.12\r\n")
[2025-12-07 17:55:16] debug [russh::client] writing 352 bytes
[2025-12-07 17:55:16] debug [russh::ssh_read] id 39 39
[2025-12-07 17:55:16] debug [russh::client::kex] extending []
[2025-12-07 17:55:16] debug [russh::client::kex] algo = Names { kex: Name("none"), key: Name("none"), cipher: Name("none"), client_mac: Name("none"), server_mac: Name("none"), server_compression: None, client_compression: None, ignore_guessed: false }
[2025-12-07 17:55:16] debug [russh::client::kex] write = []
[2025-12-07 17:55:16] debug [russh::client::kex] i0 = 342
[2025-12-07 17:55:16] debug [russh::client::kex] moving to kexdhdone, exchange = Exchange { client_id: CryptoVec { p: 0x792d2c8a0, size: 20, capacity: 32 }, server_id: CryptoVec { p: 0x79311eb40, size: 37, capacity: 64 }, client_kex_init: CryptoVec { p: 0x792d64400, size: 342, capacity: 512 }, server_kex_init: CryptoVec { p: 0x792c08c00, size: 94, capacity: 128 }, client_ephemeral: CryptoVec { p: 0x1, size: 0, capacity: 0 }, server_ephemeral: CryptoVec { p: 0x1, size: 0, capacity: 0 } }
[2025-12-07 17:55:16] debug [tunnels::connections::relay_tunnel_host] established host relay primary session
[2025-12-07 17:56:16] debug [tunnels::connections::ws] sent liveness ping
[2025-12-07 17:56:16] debug [tunnels::connections::ws] received liveness pong
[2025-12-07 17:57:16] debug [tunnels::connections::ws] received liveness pong
[2025-12-07 17:58:16] debug [tunnels::connections::ws] sent liveness ping
[2025-12-07 17:58:16] debug [tunnels::connections::ws] received liveness pong
[2025-12-07 17:59:16] debug [tunnels::connections::ws] received liveness pong
[2025-12-07 18:00:16] debug [tunnels::connections::ws] sent liveness ping
[2025-12-07 18:00:16] debug [tunnels::connections::ws] received liveness pong
[2025-12-07 18:01:16] debug [tunnels::connections::ws] received liveness pong
[2025-12-07 18:02:16] debug [tunnels::connections::ws] sent liveness ping
[2025-12-07 18:02:16] debug [tunnels::connections::ws] received liveness pong
[2025-12-07 18:03:16] debug [tunnels::connections::ws] received liveness pong
[2025-12-07 18:04:16] debug [tunnels::connections::ws] sent liveness ping
[2025-12-07 18:04:16] debug [tunnels::connections::ws] received liveness pong
[2025-12-07 18:05:16] debug [tunnels::connections::ws] received liveness pong
[2025-12-07 18:05:50] debug [reqwest::connect] starting new connection: https://api.github.com/
[2025-12-07 18:05:50] trace token was successfully refreshed in keepalive
[2025-12-07 18:06:16] debug [tunnels::connections::ws] sent liveness ping
[2025-12-07 18:06:16] debug [tunnels::connections::ws] received liveness pong
[2025-12-07 18:07:16] debug [tunnels::connections::ws] received liveness pong
[2025-12-07 18:08:16] debug [tunnels::connections::ws] sent liveness ping
[2025-12-07 18:08:16] debug [tunnels::connections::ws] received liveness pong
[2025-12-07 18:09:16] debug [tunnels::connections::ws] received liveness pong
[2025-12-07 18:10:16] debug [tunnels::connections::ws] sent liveness ping
[2025-12-07 18:10:16] debug [tunnels::connections::ws] received liveness pong
[2025-12-07 18:11:16] debug [tunnels::connections::ws] received liveness pong
[2025-12-07 18:12:16] debug [tunnels::connections::ws] sent liveness ping
[2025-12-07 18:12:16] debug [tunnels::connections::ws] received liveness pong
[2025-12-07 18:13:16] debug [tunnels::connections::ws] received liveness pong
[2025-12-07 18:14:16] debug [tunnels::connections::ws] sent liveness ping
[2025-12-07 18:14:16] debug [tunnels::connections::ws] received liveness pong
[2025-12-07 18:15:16] debug [tunnels::connections::ws] received liveness pong
[2025-12-07 18:16:16] debug [tunnels::connections::ws] sent liveness ping
[2025-12-07 18:16:16] debug [tunnels::connections::ws] received liveness pong
[2025-12-07 18:17:16] debug [tunnels::connections::ws] received liveness pong
[2025-12-07 18:18:16] debug [tunnels::connections::ws] sent liveness ping
[2025-12-07 18:18:16] debug [tunnels::connections::ws] received liveness pong
[2025-12-07 18:19:16] debug [tunnels::connections::ws] received liveness pong
[2025-12-07 18:20:16] debug [tunnels::connections::ws] sent liveness ping
[2025-12-07 18:20:16] debug [tunnels::connections::ws] received liveness pong
[2025-12-07 18:21:16] debug [tunnels::connections::ws] received liveness pong
[2025-12-07 18:22:16] debug [tunnels::connections::ws] sent liveness ping
[2025-12-07 18:22:16] debug [tunnels::connections::ws] received liveness pong
[2025-12-07 18:23:16] debug [tunnels::connections::ws] received liveness pong
[2025-12-07 18:24:16] debug [tunnels::connections::ws] sent liveness ping
[2025-12-07 18:24:16] debug [tunnels::connections::ws] received liveness pong
[2025-12-07 18:25:16] debug [tunnels::connections::ws] received liveness pong
[2025-12-07 18:26:16] debug [tunnels::connections::ws] sent liveness ping
[2025-12-07 18:26:16] debug [tunnels::connections::ws] received liveness pong
[2025-12-07 18:27:16] debug [tunnels::connections::ws] received liveness pong
[2025-12-07 18:28:16] debug [tunnels::connections::ws] sent liveness ping
[2025-12-07 18:28:16] debug [tunnels::connections::ws] received liveness pong
[2025-12-07 18:29:16] debug [tunnels::connections::ws] received liveness pong
[2025-12-07 18:30:16] debug [tunnels::connections::ws] sent liveness ping
[2025-12-07 18:30:16] debug [tunnels::connections::ws] received liveness pong
[2025-12-07 18:31:16] debug [tunnels::connections::ws] received liveness pong
[2025-12-07 18:32:16] debug [tunnels::connections::ws] sent liveness ping
[2025-12-07 18:32:16] debug [tunnels::connections::ws] received liveness pong
[2025-12-07 18:33:16] debug [tunnels::connections::ws] sent liveness ping
[2025-12-07 18:33:16] debug [tunnels::connections::ws] received liveness pong
[2025-12-07 18:33:16] debug [tunnels::connections::ws] received liveness pong
[2025-12-07 18:34:16] debug [tunnels::connections::ws] sent liveness ping
[2025-12-07 18:34:16] debug [tunnels::connections::ws] received liveness pong
[2025-12-07 18:35:16] debug [tunnels::connections::ws] received liveness pong
[2025-12-07 18:36:16] debug [tunnels::connections::ws] sent liveness ping
[2025-12-07 18:36:16] debug [tunnels::connections::ws] received liveness pong
[2025-12-07 18:37:16] debug [tunnels::connections::ws] sent liveness ping
[2025-12-07 18:37:17] debug [tunnels::connections::ws] received liveness pong
[2025-12-07 18:37:17] debug [tunnels::connections::ws] received liveness pong
[2025-12-07 18:39:16] debug [tunnels::connections::ws] received liveness pong
[2025-12-07 18:41:02] debug [tunnels::connections::ws] sent liveness ping
[2025-12-07 18:41:02] debug [tunnels::connections::ws] received liveness pong
[2025-12-07 18:41:25] debug [tunnels::connections::ws] received liveness pong
[2025-12-07 18:42:33] debug [tunnels::connections::ws] sent liveness ping
[2025-12-07 18:42:33] debug [tunnels::connections::ws] received liveness pong
[2025-12-07 18:49:35] debug [tunnels::connections::ws] received liveness pong
[2025-12-07 18:49:35] debug [tunnels::connections::ws] received liveness pong
[2025-12-07 18:49:35] debug [tunnels::connections::ws] received liveness pong
[2025-12-07 18:49:35] debug [tunnels::connections::ws] received liveness pong
[2025-12-07 18:53:00] debug [tunnels::connections::ws] sent liveness ping
[2025-12-07 18:53:23] info [tunnels::connections::ws] websocket pong timed out, closing
[2025-12-07 18:53:23] debug [russh::client] drop session
[2025-12-07 18:53:23] debug [tunnels::connections::relay_tunnel_host] disconnected primary session after EOF
[2025-12-07 18:53:23] warn Tunnel exited unexpectedly but gracefully, reconnecting
[2025-12-07 18:53:28] debug [russh::client] drop handle
[2025-12-07 18:53:28] debug Starting tunnel to server...
[2025-12-07 18:53:28] trace Found token in keyring
[2025-12-07 18:53:28] debug [reqwest::connect] starting new connection: https://api.github.com/
[2025-12-07 18:53:28] debug [reqwest::connect] starting new connection: https://use.rel.tunnels.api.visualstudio.com/
[2025-12-07 18:53:29] trace Successfully refreshed access token
[2025-12-07 18:53:29] trace Found token in keyring
[2025-12-07 18:53:31] debug [tungstenite::handshake::client] Client handshake done.
[2025-12-07 18:53:31] debug [russh::ssh_read] read_ssh_id: reading
[2025-12-07 18:53:31] debug [russh::ssh_read] read 39
[2025-12-07 18:53:31] debug [russh::ssh_read] Ok("SSH-2.0-Microsoft.DevTunnels.Ssh_3.12\r\n")
[2025-12-07 18:53:31] debug [russh::client] writing 352 bytes
[2025-12-07 18:53:31] debug [russh::ssh_read] id 39 39
[2025-12-07 18:53:31] debug [russh::client::kex] extending []
[2025-12-07 18:53:31] debug [russh::client::kex] algo = Names { kex: Name("none"), key: Name("none"), cipher: Name("none"), client_mac: Name("none"), server_mac: Name("none"), server_compression: None, client_compression: None, ignore_guessed: false }
[2025-12-07 18:53:31] debug [russh::client::kex] write = []
[2025-12-07 18:53:31] debug [russh::client::kex] i0 = 342
[2025-12-07 18:53:31] debug [russh::client::kex] moving to kexdhdone, exchange = Exchange { client_id: CryptoVec { p: 0x792d2c940, size: 20, capacity: 32 }, server_id: CryptoVec { p: 0x79311ecc0, size: 37, capacity: 64 }, client_kex_init: CryptoVec { p: 0x792d64800, size: 342, capacity: 512 }, server_kex_init: CryptoVec { p: 0x792c08e80, size: 94, capacity: 128 }, client_ephemeral: CryptoVec { p: 0x1, size: 0, capacity: 0 }, server_ephemeral: CryptoVec { p: 0x1, size: 0, capacity: 0 } }
[2025-12-07 18:53:31] debug [tunnels::connections::relay_tunnel_host] established host relay primary session
[2025-12-07 18:57:47] debug [tunnels::connections::ws] sent liveness ping
[2025-12-07 18:57:57] info [tunnels::connections::ws] websocket pong timed out, closing
[2025-12-07 18:57:57] debug [russh::client] drop session
[2025-12-07 18:57:57] debug [tunnels::connections::relay_tunnel_host] disconnected primary session after EOF
[2025-12-07 18:57:57] warn Tunnel exited unexpectedly but gracefully, reconnecting
[2025-12-07 18:58:02] debug [russh::client] drop handle
[2025-12-07 18:58:02] debug Starting tunnel to server...
[2025-12-07 18:58:02] trace Found token in keyring
[2025-12-07 18:58:02] debug [reqwest::connect] starting new connection: https://api.github.com/
[2025-12-07 18:58:03] trace Successfully refreshed access token
[2025-12-07 18:58:03] warn Error refreshing access token, will retry: failed to lookup tunnel for host token: connection error: error sending request for url (https://use.rel.tunnels.api.visualstudio.com/tunnels/fancy-river-cp3qhcr?tokenScopes=host&api-version=2023-09-27-preview): connection closed before message completed
[2025-12-07 18:58:13] debug Starting tunnel to server...
[2025-12-07 18:58:13] trace Found token in keyring
[2025-12-07 18:58:13] debug [reqwest::connect] starting new connection: https://use.rel.tunnels.api.visualstudio.com/
[2025-12-07 19:05:36] trace Successfully refreshed access token
[2025-12-07 19:05:36] trace Found token in keyring
[2025-12-07 19:05:36] warn failed to check GitHub token: error sending request for url (https://api.github.com/user): connection closed before message completed
[2025-12-07 19:05:40] debug [tungstenite::handshake::client] Client handshake done.
[2025-12-07 19:05:40] debug [russh::ssh_read] read_ssh_id: reading
[2025-12-07 19:05:40] debug [russh::ssh_read] read 39
[2025-12-07 19:05:40] debug [russh::ssh_read] Ok("SSH-2.0-Microsoft.DevTunnels.Ssh_3.12\r\n")
[2025-12-07 19:05:40] debug [russh::client] writing 352 bytes
[2025-12-07 19:05:40] debug [russh::ssh_read] id 39 39
[2025-12-07 19:05:40] debug [russh::client::kex] extending []
[2025-12-07 19:05:40] debug [russh::client::kex] algo = Names { kex: Name("none"), key: Name("none"), cipher: Name("none"), client_mac: Name("none"), server_mac: Name("none"), server_compression: None, client_compression: None, ignore_guessed: false }
[2025-12-07 19:05:40] debug [russh::client::kex] write = []
[2025-12-07 19:05:40] debug [russh::client::kex] i0 = 342
[2025-12-07 19:05:40] debug [russh::client::kex] moving to kexdhdone, exchange = Exchange { client_id: CryptoVec { p: 0x792d2c7a0, size: 20, capacity: 32 }, server_id: CryptoVec { p: 0x79311ed40, size: 37, capacity: 64 }, client_kex_init: CryptoVec { p: 0x792d64000, size: 342, capacity: 512 }, server_kex_init: CryptoVec { p: 0x792c08d00, size: 94, capacity: 128 }, client_ephemeral: CryptoVec { p: 0x1, size: 0, capacity: 0 }, server_ephemeral: CryptoVec { p: 0x1, size: 0, capacity: 0 } }
[2025-12-07 19:05:40] debug [tunnels::connections::relay_tunnel_host] established host relay primary session
[2025-12-07 19:15:09] debug [tunnels::connections::ws] sent liveness ping
[2025-12-07 19:15:19] info [tunnels::connections::ws] websocket pong timed out, closing
[2025-12-07 19:15:19] debug [russh::client] drop session
[2025-12-07 19:15:19] debug [tunnels::connections::relay_tunnel_host] disconnected primary session after EOF
[2025-12-07 19:15:19] warn Tunnel exited unexpectedly but gracefully, reconnecting
[2025-12-07 19:15:24] debug [russh::client] drop handle
[2025-12-07 19:15:24] debug Starting tunnel to server...
[2025-12-07 19:15:24] trace Found token in keyring
[2025-12-07 19:15:24] debug [reqwest::connect] starting new connection: https://api.github.com/
[2025-12-07 19:25:08] trace Successfully refreshed access token
[2025-12-07 19:25:08] warn Error refreshing access token, will retry: failed to lookup tunnel for host token: connection error: error sending request for url (https://use.rel.tunnels.api.visualstudio.com/tunnels/fancy-river-cp3qhcr?tokenScopes=host&api-version=2023-09-27-preview): connection closed before message completed
[2025-12-07 19:25:18] debug Starting tunnel to server...
[2025-12-07 19:25:18] trace Found token in keyring
[2025-12-07 19:25:18] warn failed to check GitHub token: error sending request for url (https://api.github.com/user): connection closed before message completed
[2025-12-07 19:25:18] debug [reqwest::connect] starting new connection: https://use.rel.tunnels.api.visualstudio.com/
[2025-12-07 19:25:18] trace Successfully refreshed access token
[2025-12-07 19:25:18] trace Found token in keyring
[2025-12-07 19:25:18] debug [reqwest::connect] starting new connection: https://api.github.com/
[2025-12-07 19:42:03] warn Error connecting to relay, will retry: error connecting to tunnel: websocket error: TLS error: native-tls error: connection closed via error
[2025-12-07 19:42:18] debug Starting tunnel to server...
[2025-12-07 19:42:18] trace Found token in keyring
[2025-12-07 19:42:18] warn failed to check GitHub token: error sending request for url (https://api.github.com/user): connection closed before message completed
[2025-12-07 19:58:25] trace Successfully refreshed access token
[2025-12-07 19:58:25] warn Error refreshing access token, will retry: failed to lookup tunnel for host token: connection error: error sending request for url (https://use.rel.tunnels.api.visualstudio.com/tunnels/fancy-river-cp3qhcr?tokenScopes=host&api-version=2023-09-27-preview): connection closed before message completed
[2025-12-07 19:58:45] debug Starting tunnel to server...
[2025-12-07 19:58:45] trace Found token in keyring
[2025-12-07 19:58:45] debug [reqwest::connect] starting new connection: https://api.github.com/
[2025-12-07 19:58:47] debug [reqwest::connect] starting new connection: https://use.rel.tunnels.api.visualstudio.com/
[2025-12-07 19:58:47] trace Successfully refreshed access token
[2025-12-07 19:58:47] trace Found token in keyring
[2025-12-07 19:58:48] debug [tungstenite::handshake::client] Client handshake done.
[2025-12-07 19:58:48] debug [russh::ssh_read] read_ssh_id: reading
[2025-12-07 19:58:48] debug [russh::ssh_read] read 39
[2025-12-07 19:58:48] debug [russh::ssh_read] Ok("SSH-2.0-Microsoft.DevTunnels.Ssh_3.12\r\n")
[2025-12-07 19:58:48] debug [russh::client] writing 352 bytes
[2025-12-07 19:58:48] debug [russh::ssh_read] id 39 39
[2025-12-07 19:58:48] debug [russh::client::kex] extending []
[2025-12-07 19:58:48] debug [russh::client::kex] algo = Names { kex: Name("none"), key: Name("none"), cipher: Name("none"), client_mac: Name("none"), server_mac: Name("none"), server_compression: None, client_compression: None, ignore_guessed: false }
[2025-12-07 19:58:48] debug [russh::client::kex] write = []
[2025-12-07 19:58:48] debug [russh::client::kex] i0 = 342
[2025-12-07 19:58:48] debug [russh::client::kex] moving to kexdhdone, exchange = Exchange { client_id: CryptoVec { p: 0x792d2c860, size: 20, capacity: 32 }, server_id: CryptoVec { p: 0x79311eac0, size: 37, capacity: 64 }, client_kex_init: CryptoVec { p: 0x792d64c00, size: 342, capacity: 512 }, server_kex_init: CryptoVec { p: 0x792c08a80, size: 94, capacity: 128 }, client_ephemeral: CryptoVec { p: 0x1, size: 0, capacity: 0 }, server_ephemeral: CryptoVec { p: 0x1, size: 0, capacity: 0 } }
[2025-12-07 19:58:48] debug [tunnels::connections::relay_tunnel_host] established host relay primary session
[2025-12-07 20:08:00] debug [tunnels::connections::ws] sent liveness ping
[2025-12-07 20:08:12] info [tunnels::connections::ws] websocket pong timed out, closing
[2025-12-07 20:08:12] debug [russh::client] drop session
[2025-12-07 20:08:12] debug [tunnels::connections::relay_tunnel_host] disconnected primary session after EOF
[2025-12-07 20:08:12] warn Tunnel exited unexpectedly but gracefully, reconnecting
[2025-12-07 20:08:17] debug [russh::client] drop handle
[2025-12-07 20:08:17] debug Starting tunnel to server...
[2025-12-07 20:08:17] trace Found token in keyring
[2025-12-07 20:43:02] warn failed to check GitHub token: error sending request for url (https://api.github.com/user): connection closed before message completed
[2025-12-07 20:43:02] debug [reqwest::connect] starting new connection: https://use.rel.tunnels.api.visualstudio.com/
[2025-12-07 20:43:03] trace Successfully refreshed access token
[2025-12-07 20:43:03] trace Found token in keyring
[2025-12-07 20:43:03] debug [reqwest::connect] starting new connection: https://api.github.com/
[2025-12-07 20:43:03] debug [tungstenite::handshake::client] Client handshake done.
[2025-12-07 20:43:03] debug [russh::ssh_read] read_ssh_id: reading
[2025-12-07 20:43:03] debug [russh::ssh_read] read 39
[2025-12-07 20:43:03] debug [russh::ssh_read] Ok("SSH-2.0-Microsoft.DevTunnels.Ssh_3.12\r\n")
[2025-12-07 20:43:03] debug [russh::client] writing 352 bytes
[2025-12-07 20:43:03] debug [russh::ssh_read] id 39 39
[2025-12-07 20:43:03] debug [russh::client::kex] extending []
[2025-12-07 20:43:03] debug [russh::client::kex] algo = Names { kex: Name("none"), key: Name("none"), cipher: Name("none"), client_mac: Name("none"), server_mac: Name("none"), server_compression: None, client_compression: None, ignore_guessed: false }
[2025-12-07 20:43:03] debug [russh::client::kex] write = []
[2025-12-07 20:43:03] debug [russh::client::kex] i0 = 342
[2025-12-07 20:43:03] debug [russh::client::kex] moving to kexdhdone, exchange = Exchange { client_id: CryptoVec { p: 0x792d2c260, size: 20, capacity: 32 }, server_id: CryptoVec { p: 0x79311e7c0, size: 37, capacity: 64 }, client_kex_init: CryptoVec { p: 0x792d65200, size: 342, capacity: 512 }, server_kex_init: CryptoVec { p: 0x792c08d80, size: 94, capacity: 128 }, client_ephemeral: CryptoVec { p: 0x1, size: 0, capacity: 0 }, server_ephemeral: CryptoVec { p: 0x1, size: 0, capacity: 0 } }
[2025-12-07 20:43:03] debug [tunnels::connections::relay_tunnel_host] established host relay primary session
[2025-12-07 20:50:32] debug [tunnels::connections::ws] sent liveness ping
[2025-12-07 20:50:42] info [tunnels::connections::ws] websocket pong timed out, closing
[2025-12-07 20:50:42] debug [russh::client] drop session
[2025-12-07 20:50:42] debug [tunnels::connections::relay_tunnel_host] disconnected primary session after EOF
[2025-12-07 20:50:42] warn Tunnel exited unexpectedly but gracefully, reconnecting
[2025-12-07 20:50:47] debug [russh::client] drop handle
[2025-12-07 20:50:47] debug Starting tunnel to server...
[2025-12-07 20:50:47] trace Found token in keyring
[2025-12-07 20:50:47] debug [reqwest::connect] starting new connection: https://api.github.com/
[2025-12-07 20:57:51] trace Successfully refreshed access token
[2025-12-07 20:57:51] warn Error refreshing access token, will retry: failed to lookup tunnel for host token: connection error: error sending request for url (https://use.rel.tunnels.api.visualstudio.com/tunnels/fancy-river-cp3qhcr?tokenScopes=host&api-version=2023-09-27-preview): connection closed before message completed
[2025-12-07 20:58:01] debug Starting tunnel to server...
[2025-12-07 20:58:01] trace Found token in keyring
[2025-12-07 20:58:01] debug [reqwest::connect] starting new connection: https://api.github.com/
[2025-12-07 20:58:01] debug [reqwest::connect] starting new connection: https://use.rel.tunnels.api.visualstudio.com/
[2025-12-07 20:58:02] trace Successfully refreshed access token
[2025-12-07 20:58:02] trace Found token in keyring
[2025-12-07 20:58:02] debug [tungstenite::handshake::client] Client handshake done.
[2025-12-07 20:58:02] debug [russh::ssh_read] read_ssh_id: reading
[2025-12-07 20:58:02] debug [russh::ssh_read] read 39
[2025-12-07 20:58:02] debug [russh::ssh_read] Ok("SSH-2.0-Microsoft.DevTunnels.Ssh_3.12\r\n")
[2025-12-07 20:58:02] debug [russh::client] writing 352 bytes
[2025-12-07 20:58:02] debug [russh::ssh_read] id 39 39
[2025-12-07 20:58:02] debug [russh::client::kex] extending []
[2025-12-07 20:58:02] debug [russh::client::kex] algo = Names { kex: Name("none"), key: Name("none"), cipher: Name("none"), client_mac: Name("none"), server_mac: Name("none"), server_compression: None, client_compression: None, ignore_guessed: false }
[2025-12-07 20:58:02] debug [russh::client::kex] write = []
[2025-12-07 20:58:02] debug [russh::client::kex] i0 = 342
[2025-12-07 20:58:02] debug [russh::client::kex] moving to kexdhdone, exchange = Exchange { client_id: CryptoVec { p: 0x792d2c840, size: 20, capacity: 32 }, server_id: CryptoVec { p: 0x79311c480, size: 37, capacity: 64 }, client_kex_init: CryptoVec { p: 0x792d64600, size: 342, capacity: 512 }, server_kex_init: CryptoVec { p: 0x792c09000, size: 94, capacity: 128 }, client_ephemeral: CryptoVec { p: 0x1, size: 0, capacity: 0 }, server_ephemeral: CryptoVec { p: 0x1, size: 0, capacity: 0 } }
[2025-12-07 20:58:02] debug [tunnels::connections::relay_tunnel_host] established host relay primary session
[2025-12-07 20:59:03] debug [tunnels::connections::ws] sent liveness ping
[2025-12-07 20:59:03] debug [tunnels::connections::ws] received liveness pong
[2025-12-07 21:03:23] debug [tunnels::connections::ws] sent liveness ping
[2025-12-07 21:18:13] info [tunnels::connections::ws] websocket pong timed out, closing
[2025-12-07 21:18:13] debug [russh::client] drop session
[2025-12-07 21:18:13] debug [tunnels::connections::relay_tunnel_host] disconnected primary session after EOF
[2025-12-07 21:18:13] warn Tunnel exited unexpectedly but gracefully, reconnecting
[2025-12-07 21:18:18] debug [russh::client] drop handle
[2025-12-07 21:18:18] debug Starting tunnel to server...
[2025-12-07 21:18:18] trace Found token in keyring
[2025-12-07 21:18:18] debug [reqwest::connect] starting new connection: https://api.github.com/
[2025-12-07 21:18:18] debug [reqwest::connect] starting new connection: https://use.rel.tunnels.api.visualstudio.com/
[2025-12-07 21:18:18] trace Successfully refreshed access token
[2025-12-07 21:18:18] trace Found token in keyring
[2025-12-07 21:18:19] debug [tungstenite::handshake::client] Client handshake done.
[2025-12-07 21:18:19] debug [russh::ssh_read] read_ssh_id: reading
[2025-12-07 21:18:19] debug [russh::ssh_read] read 39
[2025-12-07 21:18:19] debug [russh::ssh_read] Ok("SSH-2.0-Microsoft.DevTunnels.Ssh_3.12\r\n")
[2025-12-07 21:18:19] debug [russh::client] writing 352 bytes
[2025-12-07 21:18:19] debug [russh::ssh_read] id 39 39
[2025-12-07 21:18:19] debug [russh::client::kex] extending []
[2025-12-07 21:18:19] debug [russh::client::kex] algo = Names { kex: Name("none"), key: Name("none"), cipher: Name("none"), client_mac: Name("none"), server_mac: Name("none"), server_compression: None, client_compression: None, ignore_guessed: false }
[2025-12-07 21:18:19] debug [russh::client::kex] write = []
[2025-12-07 21:18:19] debug [russh::client::kex] i0 = 342
[2025-12-07 21:18:19] debug [russh::client::kex] moving to kexdhdone, exchange = Exchange { client_id: CryptoVec { p: 0x792d2cac0, size: 20, capacity: 32 }, server_id: CryptoVec { p: 0x79311c540, size: 37, capacity: 64 }, client_kex_init: CryptoVec { p: 0x792d64a00, size: 342, capacity: 512 }, server_kex_init: CryptoVec { p: 0x792c08d00, size: 94, capacity: 128 }, client_ephemeral: CryptoVec { p: 0x1, size: 0, capacity: 0 }, server_ephemeral: CryptoVec { p: 0x1, size: 0, capacity: 0 } }
[2025-12-07 21:18:19] debug [tunnels::connections::relay_tunnel_host] established host relay primary session
[2025-12-07 21:23:50] debug [tunnels::connections::ws] sent liveness ping
[2025-12-07 21:24:00] info [tunnels::connections::ws] websocket pong timed out, closing
[2025-12-07 21:24:00] debug [russh::client] drop session
[2025-12-07 21:24:00] debug [tunnels::connections::relay_tunnel_host] disconnected primary session after EOF
[2025-12-07 21:24:00] warn Tunnel exited unexpectedly but gracefully, reconnecting
[2025-12-07 21:24:05] debug [russh::client] drop handle
[2025-12-07 21:24:05] debug Starting tunnel to server...
[2025-12-07 21:24:05] trace Found token in keyring
[2025-12-07 21:24:05] debug [reqwest::connect] starting new connection: https://api.github.com/
[2025-12-07 21:24:06] trace Successfully refreshed access token
[2025-12-07 21:24:06] warn Error refreshing access token, will retry: failed to lookup tunnel for host token: connection error: error sending request for url (https://use.rel.tunnels.api.visualstudio.com/tunnels/fancy-river-cp3qhcr?tokenScopes=host&api-version=2023-09-27-preview): connection closed before message completed
[2025-12-07 21:24:16] debug Starting tunnel to server...
[2025-12-07 21:24:16] trace Found token in keyring
[2025-12-07 21:24:16] debug [reqwest::connect] starting new connection: https://use.rel.tunnels.api.visualstudio.com/
[2025-12-07 21:24:17] trace Successfully refreshed access token
[2025-12-07 21:24:17] trace Found token in keyring
[2025-12-07 21:24:17] debug [tungstenite::handshake::client] Client handshake done.
[2025-12-07 21:24:17] debug [russh::ssh_read] read_ssh_id: reading
[2025-12-07 21:24:17] debug [russh::ssh_read] read 39
[2025-12-07 21:24:17] debug [russh::ssh_read] Ok("SSH-2.0-Microsoft.DevTunnels.Ssh_3.12\r\n")
[2025-12-07 21:24:17] debug [russh::client] writing 352 bytes
[2025-12-07 21:24:17] debug [russh::ssh_read] id 39 39
[2025-12-07 21:24:17] debug [russh::client::kex] extending []
[2025-12-07 21:24:17] debug [russh::client::kex] algo = Names { kex: Name("none"), key: Name("none"), cipher: Name("none"), client_mac: Name("none"), server_mac: Name("none"), server_compression: None, client_compression: None, ignore_guessed: false }
[2025-12-07 21:24:17] debug [russh::client::kex] write = []
[2025-12-07 21:24:17] debug [russh::client::kex] i0 = 342
[2025-12-07 21:24:17] debug [russh::client::kex] moving to kexdhdone, exchange = Exchange { client_id: CryptoVec { p: 0x792d2c100, size: 20, capacity: 32 }, server_id: CryptoVec { p: 0x79311eb00, size: 37, capacity: 64 }, client_kex_init: CryptoVec { p: 0x792d64000, size: 342, capacity: 512 }, server_kex_init: CryptoVec { p: 0x792c09000, size: 94, capacity: 128 }, client_ephemeral: CryptoVec { p: 0x1, size: 0, capacity: 0 }, server_ephemeral: CryptoVec { p: 0x1, size: 0, capacity: 0 } }
[2025-12-07 21:24:17] debug [tunnels::connections::relay_tunnel_host] established host relay primary session
[2025-12-07 21:29:14] debug Starting tunnel with `code /private/var/folders/j8/34qtt7_55pn1yjd6y_79lfn40000gn/T/AppTranslocation/28864D43-EA05-4238-B9AF-AD87A928368A/d/Visual Studio Code.app/Contents/Resources/app/bin/code-tunnel --verbose --cli-data-dir /Users/ghost-link-labs/.vscode/cli tunnel service internal-run`
[2025-12-07 21:29:14] debug starting as client to singleton
[2025-12-07 21:29:14] debug An existing tunnel is running on this machine, connecting to it...
[2025-12-07 21:29:14] debug Starting tunnel with `code /private/var/folders/j8/34qtt7_55pn1yjd6y_79lfn40000gn/T/AppTranslocation/28864D43-EA05-4238-B9AF-AD87A928368A/d/Visual Studio Code.app/Contents/Resources/app/bin/code-tunnel tunnel --accept-server-license-terms --log info --name Robbies-MacBook-Prol --parent-process-id 1053`
[2025-12-07 21:29:14] debug starting as new singleton
Connected to an existing tunnel process running on this machine.
[2025-12-07 21:29:14] trace Found token in keyring
[2025-12-07 21:29:14] debug [reqwest::connect] starting new connection: https://api.github.com/
[2025-12-07 21:29:14] debug [reqwest::connect] starting new connection: https://use.rel.tunnels.api.visualstudio.com/
[2025-12-07 21:29:14] trace Found token in keyring
[2025-12-07 21:29:16] debug Starting tunnel to server...
[2025-12-07 21:29:16] trace Found token in keyring
[2025-12-07 21:29:16] debug [tungstenite::handshake::client] Client handshake done.
[2025-12-07 21:29:16] debug [russh::ssh_read] read_ssh_id: reading
[2025-12-07 21:29:16] debug [russh::ssh_read] read 39
[2025-12-07 21:29:16] debug [russh::ssh_read] Ok("SSH-2.0-Microsoft.DevTunnels.Ssh_3.12\r\n")
[2025-12-07 21:29:16] debug [russh::client] writing 352 bytes
[2025-12-07 21:29:16] debug [russh::ssh_read] id 39 39
[2025-12-07 21:29:16] debug [russh::client::kex] extending []
[2025-12-07 21:29:16] debug [russh::client::kex] algo = Names { kex: Name("none"), key: Name("none"), cipher: Name("none"), client_mac: Name("none"), server_mac: Name("none"), server_compression: None, client_compression: None, ignore_guessed: false }
[2025-12-07 21:29:16] debug [russh::client::kex] write = []
[2025-12-07 21:29:16] debug [russh::client::kex] i0 = 342
[2025-12-07 21:29:16] debug [russh::client::kex] moving to kexdhdone, exchange = Exchange { client_id: CryptoVec { p: 0x930da4480, size: 20, capacity: 32 }, server_id: CryptoVec { p: 0x930d15a00, size: 37, capacity: 64 }, client_kex_init: CryptoVec { p: 0x930dcca00, size: 342, capacity: 512 }, server_kex_init: CryptoVec { p: 0x931002380, size: 94, capacity: 128 }, client_ephemeral: CryptoVec { p: 0x1, size: 0, capacity: 0 }, server_ephemeral: CryptoVec { p: 0x1, size: 0, capacity: 0 } }
[2025-12-07 21:29:16] debug [tunnels::connections::relay_tunnel_host] established host relay primary session
[2025-12-07 21:29:16] trace Found token in keyring
[2025-12-07 21:29:16] debug Connected to tunnel endpoint: TunnelRelayTunnelEndpoint { base: TunnelEndpoint { id: "e37e1488-2fe2-4686-b2ad-375a4bc8df0c-relay", connection_mode: TunnelRelay, host_id: "e37e1488-2fe2-4686-b2ad-375a4bc8df0c", host_public_keys: [], port_uri_format: Some("https://x9zmbh9k-{port}.use.devtunnels.ms/"), tunnel_uri: Some("https://x9zmbh9k.use.devtunnels.ms/"), port_ssh_command_format: Some("ssh x9zmbh9k-{port}@ssh.use.devtunnels.ms"), tunnel_ssh_command: Some("ssh x9zmbh9k@ssh.use.devtunnels.ms"), ssh_gateway_public_key: None }, host_relay_uri: Some("wss://use-data.rel.tunnels.api.visualstudio.com/api/v1/Host/Connect/fancy-river-cp3qhcr"), client_relay_uri: Some("wss://use-data.rel.tunnels.api.visualstudio.com/api/v1/Client/Connect/fancy-river-cp3qhcr") }
[2025-12-07 21:29:16] debug Visual Studio Code Server is listening for incoming connections
[2025-12-07 21:29:16] info 
Open this link in your browser https://vscode.dev/tunnel/robbies-macbook-prol

[2025-12-07 21:29:16] trace Found token in keyring
[2025-12-07 21:29:16] debug [reqwest::connect] starting new connection: https://api.github.com/
[2025-12-07 21:30:16] debug [tunnels::connections::ws] sent liveness ping
[2025-12-07 21:30:16] debug [tunnels::connections::ws] received liveness pong
[2025-12-07 21:31:16] debug [tunnels::connections::ws] received liveness pong
[2025-12-07 21:32:16] debug [tunnels::connections::ws] sent liveness ping
[2025-12-07 21:32:16] debug [tunnels::connections::ws] received liveness pong
[2025-12-07 21:33:16] debug [tunnels::connections::ws] received liveness pong
[2025-12-07 21:34:16] debug [tunnels::connections::ws] sent liveness ping
[2025-12-07 21:34:16] debug [tunnels::connections::ws] received liveness pong
[2025-12-07 21:35:16] debug [tunnels::connections::ws] received liveness pong
[2025-12-07 21:36:16] debug [tunnels::connections::ws] sent liveness ping
[2025-12-07 21:36:16] debug [tunnels::connections::ws] received liveness pong
[2025-12-07 21:37:16] debug [tunnels::connections::ws] received liveness pong
[2025-12-07 21:38:16] debug [tunnels::connections::ws] sent liveness ping
[2025-12-07 21:38:16] debug [tunnels::connections::ws] received liveness pong
[2025-12-07 21:39:16] debug [tunnels::connections::ws] received liveness pong
[2025-12-07 21:40:16] debug [tunnels::connections::ws] sent liveness ping
[2025-12-07 21:40:16] debug [tunnels::connections::ws] received liveness pong
[2025-12-07 21:41:16] debug [tunnels::connections::ws] received liveness pong
[2025-12-07 21:42:16] debug [tunnels::connections::ws] sent liveness ping
[2025-12-07 21:42:16] debug [tunnels::connections::ws] received liveness pong
[2025-12-07 21:43:16] debug [tunnels::connections::ws] received liveness pong
[2025-12-07 21:44:16] debug [tunnels::connections::ws] sent liveness ping
[2025-12-07 21:44:16] debug [tunnels::connections::ws] received liveness pong
[2025-12-07 21:45:16] debug [tunnels::connections::ws] received liveness pong
[2025-12-07 21:46:16] debug [tunnels::connections::ws] sent liveness ping
[2025-12-07 21:46:16] debug [tunnels::connections::ws] received liveness pong
[2025-12-07 21:47:16] debug [tunnels::connections::ws] received liveness pong
[2025-12-07 21:48:16] debug [tunnels::connections::ws] sent liveness ping
[2025-12-07 21:48:16] debug [tunnels::connections::ws] received liveness pong
[2025-12-07 21:49:16] debug [tunnels::connections::ws] received liveness pong
[2025-12-07 21:50:16] debug [tunnels::connections::ws] sent liveness ping
[2025-12-07 21:50:16] debug [tunnels::connections::ws] received liveness pong
[2025-12-07 21:51:16] debug [tunnels::connections::ws] received liveness pong
[2025-12-07 21:52:16] debug [tunnels::connections::ws] sent liveness ping
[2025-12-07 21:52:16] debug [tunnels::connections::ws] received liveness pong
[2025-12-07 21:53:16] debug [tunnels::connections::ws] received liveness pong
[2025-12-07 21:54:16] debug [tunnels::connections::ws] sent liveness ping
[2025-12-07 21:54:16] debug [tunnels::connections::ws] received liveness pong
[2025-12-07 21:55:16] debug [tunnels::connections::ws] received liveness pong
[2025-12-07 21:56:16] debug [tunnels::connections::ws] sent liveness ping
[2025-12-07 21:56:16] debug [tunnels::connections::ws] received liveness pong
[2025-12-07 21:57:16] debug [tunnels::connections::ws] received liveness pong
[2025-12-07 21:58:16] debug [tunnels::connections::ws] sent liveness ping
[2025-12-07 21:58:26] info [tunnels::connections::ws] websocket pong timed out, closing
[2025-12-07 21:58:26] debug [russh::client] drop session
[2025-12-07 21:58:26] debug [tunnels::connections::relay_tunnel_host] disconnected primary session after EOF
[2025-12-07 21:58:26] warn Tunnel exited unexpectedly but gracefully, reconnecting
[2025-12-07 21:58:31] debug [russh::client] drop handle
[2025-12-07 21:58:31] debug Starting tunnel to server...
[2025-12-07 21:58:31] trace Found token in keyring
[2025-12-07 21:58:31] debug [reqwest::connect] starting new connection: https://api.github.com/
[2025-12-07 21:58:31] debug [reqwest::connect] starting new connection: https://use.rel.tunnels.api.visualstudio.com/
[2025-12-07 21:58:32] trace Successfully refreshed access token
[2025-12-07 21:58:32] trace Found token in keyring
[2025-12-07 21:58:32] debug [tungstenite::handshake::client] Client handshake done.
[2025-12-07 21:58:32] debug [russh::ssh_read] read_ssh_id: reading
[2025-12-07 21:58:32] debug [russh::ssh_read] read 39
[2025-12-07 21:58:32] debug [russh::ssh_read] Ok("SSH-2.0-Microsoft.DevTunnels.Ssh_3.12\r\n")
[2025-12-07 21:58:32] debug [russh::client] writing 352 bytes
[2025-12-07 21:58:32] debug [russh::ssh_read] id 39 39
[2025-12-07 21:58:32] debug [russh::client::kex] extending []
[2025-12-07 21:58:32] debug [russh::client::kex] algo = Names { kex: Name("none"), key: Name("none"), cipher: Name("none"), client_mac: Name("none"), server_mac: Name("none"), server_compression: None, client_compression: None, ignore_guessed: false }
[2025-12-07 21:58:32] debug [russh::client::kex] write = []
[2025-12-07 21:58:32] debug [russh::client::kex] i0 = 342
[2025-12-07 21:58:32] debug [russh::client::kex] moving to kexdhdone, exchange = Exchange { client_id: CryptoVec { p: 0x930da03a0, size: 20, capacity: 32 }, server_id: CryptoVec { p: 0x930d103c0, size: 37, capacity: 64 }, client_kex_init: CryptoVec { p: 0x930dcd600, size: 342, capacity: 512 }, server_kex_init: CryptoVec { p: 0x931001f80, size: 94, capacity: 128 }, client_ephemeral: CryptoVec { p: 0x1, size: 0, capacity: 0 }, server_ephemeral: CryptoVec { p: 0x1, size: 0, capacity: 0 } }
[2025-12-07 21:58:32] debug [tunnels::connections::relay_tunnel_host] established host relay primary session
[2025-12-07 21:59:32] debug [tunnels::connections::ws] sent liveness ping
[2025-12-07 21:59:32] debug [tunnels::connections::ws] received liveness pong
[2025-12-07 22:00:32] debug [tunnels::connections::ws] received liveness pong
[2025-12-07 22:01:32] debug [tunnels::connections::ws] sent liveness ping
[2025-12-07 22:01:32] debug [tunnels::connections::ws] received liveness pong
[2025-12-07 22:02:32] debug [tunnels::connections::ws] received liveness pong
[2025-12-07 22:03:32] debug [tunnels::connections::ws] sent liveness ping
[2025-12-07 22:03:32] debug [tunnels::connections::ws] received liveness pong
[2025-12-07 22:04:32] debug [tunnels::connections::ws] received liveness pong
[2025-12-07 22:05:32] debug [tunnels::connections::ws] sent liveness ping
[2025-12-07 22:05:32] debug [tunnels::connections::ws] received liveness pong
[2025-12-07 22:06:32] debug [tunnels::connections::ws] sent liveness ping
[2025-12-07 22:06:32] debug [tunnels::connections::ws] received liveness pong
[2025-12-07 22:06:32] debug [tunnels::connections::ws] received liveness pong
[2025-12-07 22:07:32] debug [tunnels::connections::ws] sent liveness ping
[2025-12-07 22:07:32] debug [tunnels::connections::ws] received liveness pong
[2025-12-07 22:08:32] debug [tunnels::connections::ws] received liveness pong
[2025-12-07 22:09:32] debug [tunnels::connections::ws] sent liveness ping
[2025-12-07 22:09:32] debug [tunnels::connections::ws] received liveness pong
[2025-12-07 22:10:32] debug [tunnels::connections::ws] received liveness pong
[2025-12-07 22:11:32] debug [tunnels::connections::ws] sent liveness ping
[2025-12-07 22:11:32] debug [tunnels::connections::ws] received liveness pong
[2025-12-07 22:12:32] debug [tunnels::connections::ws] received liveness pong
[2025-12-07 22:13:32] debug [tunnels::connections::ws] sent liveness ping
[2025-12-07 22:13:32] debug [tunnels::connections::ws] received liveness pong
[2025-12-07 22:14:32] debug [tunnels::connections::ws] received liveness pong
[2025-12-07 22:15:32] debug [tunnels::connections::ws] sent liveness ping
[2025-12-07 22:15:32] debug [tunnels::connections::ws] received liveness pong
[2025-12-07 22:16:32] debug [tunnels::connections::ws] received liveness pong
[2025-12-07 22:17:32] debug [tunnels::connections::ws] sent liveness ping
[2025-12-07 22:17:32] debug [tunnels::connections::ws] received liveness pong
[2025-12-07 22:18:32] debug [tunnels::connections::ws] received liveness pong
[2025-12-07 22:19:32] debug [tunnels::connections::ws] sent liveness ping
[2025-12-07 22:19:32] debug [tunnels::connections::ws] received liveness pong
[2025-12-07 22:20:32] debug [tunnels::connections::ws] sent liveness ping
[2025-12-07 22:20:32] debug [tunnels::connections::ws] received liveness pong
[2025-12-07 22:20:32] debug [tunnels::connections::ws] received liveness pong
[2025-12-07 22:21:32] debug [tunnels::connections::ws] sent liveness ping
[2025-12-07 22:21:32] debug [tunnels::connections::ws] received liveness pong
[2025-12-07 22:22:32] debug [tunnels::connections::ws] received liveness pong
[2025-12-07 22:23:32] debug [tunnels::connections::ws] sent liveness ping
[2025-12-07 22:23:32] debug [tunnels::connections::ws] received liveness pong
[2025-12-07 22:24:32] debug [tunnels::connections::ws] received liveness pong
[2025-12-07 22:25:32] debug [tunnels::connections::ws] sent liveness ping
[2025-12-07 22:25:32] debug [tunnels::connections::ws] received liveness pong
[2025-12-07 22:26:32] debug [tunnels::connections::ws] received liveness pong
[2025-12-07 22:27:32] debug [tunnels::connections::ws] sent liveness ping
[2025-12-07 22:27:32] debug [tunnels::connections::ws] received liveness pong
[2025-12-07 22:28:32] debug [tunnels::connections::ws] received liveness pong
[2025-12-07 22:29:16] debug [reqwest::connect] starting new connection: https://api.github.com/
[2025-12-07 22:29:16] trace token was successfully refreshed in keepalive
[2025-12-07 22:29:32] debug [tunnels::connections::ws] sent liveness ping
[2025-12-07 22:29:32] debug [tunnels::connections::ws] received liveness pong
[2025-12-07 22:30:32] debug [tunnels::connections::ws] received liveness pong
[2025-12-07 22:31:32] debug [tunnels::connections::ws] sent liveness ping
[2025-12-07 22:31:32] debug [tunnels::connections::ws] received liveness pong
[2025-12-07 22:32:32] debug [tunnels::connections::ws] sent liveness ping
[2025-12-07 22:32:32] debug [tunnels::connections::ws] received liveness pong
[2025-12-07 22:32:32] debug [tunnels::connections::ws] received liveness pong
[2025-12-07 22:33:32] debug [tunnels::connections::ws] sent liveness ping
[2025-12-07 22:33:32] debug [tunnels::connections::ws] received liveness pong
[2025-12-07 22:34:32] debug [tunnels::connections::ws] received liveness pong
[2025-12-07 22:35:32] debug [tunnels::connections::ws] sent liveness ping
[2025-12-07 22:35:32] debug [tunnels::connections::ws] received liveness pong
[2025-12-07 22:36:32] debug [tunnels::connections::ws] sent liveness ping
[2025-12-07 22:36:32] debug [tunnels::connections::ws] received liveness pong
[2025-12-07 22:36:32] debug [tunnels::connections::ws] received liveness pong
[2025-12-07 22:37:32] debug [tunnels::connections::ws] sent liveness ping
[2025-12-07 22:37:32] debug [tunnels::connections::ws] received liveness pong
[2025-12-07 22:38:32] debug [tunnels::connections::ws] received liveness pong
[2025-12-07 22:39:32] debug [tunnels::connections::ws] sent liveness ping
[2025-12-07 22:39:32] debug [tunnels::connections::ws] received liveness pong
[2025-12-07 22:40:32] debug [tunnels::connections::ws] received liveness pong
[2025-12-07 22:41:32] debug [tunnels::connections::ws] sent liveness ping
[2025-12-07 22:41:32] debug [tunnels::connections::ws] received liveness pong
[2025-12-07 22:42:32] debug [tunnels::connections::ws] received liveness pong
[2025-12-07 22:43:32] debug [tunnels::connections::ws] sent liveness ping
[2025-12-07 22:43:32] debug [tunnels::connections::ws] received liveness pong
[2025-12-07 22:44:32] debug [tunnels::connections::ws] sent liveness ping
[2025-12-07 22:44:32] debug [tunnels::connections::ws] received liveness pong
[2025-12-07 22:44:32] debug [tunnels::connections::ws] received liveness pong
[2025-12-07 22:45:32] debug [tunnels::connections::ws] sent liveness ping
[2025-12-07 22:45:32] debug [tunnels::connections::ws] received liveness pong
[2025-12-07 22:46:32] debug [tunnels::connections::ws] received liveness pong
[2025-12-07 22:47:32] debug [tunnels::connections::ws] sent liveness ping
[2025-12-07 22:47:42] info [tunnels::connections::ws] websocket pong timed out, closing
[2025-12-07 22:47:42] debug [russh::client] drop session
[2025-12-07 22:47:42] debug [tunnels::connections::relay_tunnel_host] disconnected primary session after EOF
[2025-12-07 22:47:42] warn Tunnel exited unexpectedly but gracefully, reconnecting
[2025-12-07 22:47:47] debug [russh::client] drop handle
[2025-12-07 22:47:47] debug Starting tunnel to server...
[2025-12-07 22:47:47] trace Found token in keyring
[2025-12-07 22:47:47] debug [reqwest::connect] starting new connection: https://api.github.com/
[2025-12-07 22:47:47] debug [reqwest::connect] starting new connection: https://use.rel.tunnels.api.visualstudio.com/
[2025-12-07 22:47:48] trace Successfully refreshed access token
[2025-12-07 22:47:48] trace Found token in keyring
[2025-12-07 22:47:48] debug [tungstenite::handshake::client] Client handshake done.
[2025-12-07 22:47:48] debug [russh::ssh_read] read_ssh_id: reading
[2025-12-07 22:47:48] debug [russh::ssh_read] read 39
[2025-12-07 22:47:48] debug [russh::ssh_read] Ok("SSH-2.0-Microsoft.DevTunnels.Ssh_3.12\r\n")
[2025-12-07 22:47:48] debug [russh::client] writing 352 bytes
[2025-12-07 22:47:48] debug [russh::ssh_read] id 39 39
[2025-12-07 22:47:48] debug [russh::client::kex] extending []
[2025-12-07 22:47:48] debug [russh::client::kex] algo = Names { kex: Name("none"), key: Name("none"), cipher: Name("none"), client_mac: Name("none"), server_mac: Name("none"), server_compression: None, client_compression: None, ignore_guessed: false }
[2025-12-07 22:47:48] debug [russh::client::kex] write = []
[2025-12-07 22:47:48] debug [russh::client::kex] i0 = 342
[2025-12-07 22:47:48] debug [russh::client::kex] moving to kexdhdone, exchange = Exchange { client_id: CryptoVec { p: 0x930da0440, size: 20, capacity: 32 }, server_id: CryptoVec { p: 0x930d10380, size: 37, capacity: 64 }, client_kex_init: CryptoVec { p: 0x930dcca00, size: 342, capacity: 512 }, server_kex_init: CryptoVec { p: 0x931001e00, size: 94, capacity: 128 }, client_ephemeral: CryptoVec { p: 0x1, size: 0, capacity: 0 }, server_ephemeral: CryptoVec { p: 0x1, size: 0, capacity: 0 } }
[2025-12-07 22:47:48] debug [tunnels::connections::relay_tunnel_host] established host relay primary session
[2025-12-07 22:48:48] debug [tunnels::connections::ws] sent liveness ping
[2025-12-07 22:48:48] debug [tunnels::connections::ws] received liveness pong
[2025-12-07 22:49:48] debug [tunnels::connections::ws] received liveness pong
[2025-12-07 22:50:48] debug [tunnels::connections::ws] sent liveness ping
[2025-12-07 22:50:58] info [tunnels::connections::ws] websocket pong timed out, closing
[2025-12-07 22:50:58] debug [russh::client] drop session
[2025-12-07 22:50:58] debug [tunnels::connections::relay_tunnel_host] disconnected primary session after EOF
[2025-12-07 22:50:58] warn Tunnel exited unexpectedly but gracefully, reconnecting
[2025-12-07 22:51:03] debug [russh::client] drop handle
[2025-12-07 22:51:03] debug Starting tunnel to server...
[2025-12-07 22:51:03] trace Found token in keyring
[2025-12-07 22:51:03] debug [reqwest::connect] starting new connection: https://api.github.com/
[2025-12-07 22:51:04] debug [reqwest::connect] starting new connection: https://use.rel.tunnels.api.visualstudio.com/
[2025-12-07 22:51:04] trace Successfully refreshed access token
[2025-12-07 22:51:04] trace Found token in keyring
[2025-12-07 22:51:04] debug [tungstenite::handshake::client] Client handshake done.
[2025-12-07 22:51:04] debug [russh::ssh_read] read_ssh_id: reading
[2025-12-07 22:51:04] debug [russh::ssh_read] read 39
[2025-12-07 22:51:04] debug [russh::ssh_read] Ok("SSH-2.0-Microsoft.DevTunnels.Ssh_3.12\r\n")
[2025-12-07 22:51:04] debug [russh::client] writing 352 bytes
[2025-12-07 22:51:04] debug [russh::ssh_read] id 39 39
[2025-12-07 22:51:04] debug [russh::client::kex] extending []
[2025-12-07 22:51:04] debug [russh::client::kex] algo = Names { kex: Name("none"), key: Name("none"), cipher: Name("none"), client_mac: Name("none"), server_mac: Name("none"), server_compression: None, client_compression: None, ignore_guessed: false }
[2025-12-07 22:51:04] debug [russh::client::kex] write = []
[2025-12-07 22:51:04] debug [russh::client::kex] i0 = 342
[2025-12-07 22:51:04] debug [russh::client::kex] moving to kexdhdone, exchange = Exchange { client_id: CryptoVec { p: 0x930da45c0, size: 20, capacity: 32 }, server_id: CryptoVec { p: 0x930d15d40, size: 37, capacity: 64 }, client_kex_init: CryptoVec { p: 0x930dcd600, size: 342, capacity: 512 }, server_kex_init: CryptoVec { p: 0x931002280, size: 94, capacity: 128 }, client_ephemeral: CryptoVec { p: 0x1, size: 0, capacity: 0 }, server_ephemeral: CryptoVec { p: 0x1, size: 0, capacity: 0 } }
[2025-12-07 22:51:04] debug [tunnels::connections::relay_tunnel_host] established host relay primary session
[2025-12-07 22:52:04] debug [tunnels::connections::ws] sent liveness ping
[2025-12-07 22:52:04] debug [tunnels::connections::ws] received liveness pong
[2025-12-07 22:53:04] debug [tunnels::connections::ws] received liveness pong
[2025-12-07 22:54:04] debug [tunnels::connections::ws] sent liveness ping
[2025-12-07 22:54:04] debug [tunnels::connections::ws] received liveness pong
[2025-12-07 22:55:04] debug [tunnels::connections::ws] sent liveness ping
[2025-12-07 22:55:04] debug [tunnels::connections::ws] received liveness pong
[2025-12-07 22:55:04] debug [tunnels::connections::ws] received liveness pong
[2025-12-07 22:56:04] debug [tunnels::connections::ws] sent liveness ping
[2025-12-07 22:56:04] debug [tunnels::connections::ws] received liveness pong
[2025-12-07 22:57:04] debug [tunnels::connections::ws] sent liveness ping
[2025-12-07 22:57:14] info [tunnels::connections::ws] websocket pong timed out, closing
[2025-12-07 22:57:14] debug [russh::client] drop session
[2025-12-07 22:57:14] debug [tunnels::connections::relay_tunnel_host] disconnected primary session after EOF
[2025-12-07 22:57:14] warn Tunnel exited unexpectedly but gracefully, reconnecting
[2025-12-07 22:57:19] debug [russh::client] drop handle
[2025-12-07 22:57:19] debug Starting tunnel to server...
[2025-12-07 22:57:19] trace Found token in keyring
[2025-12-07 22:57:19] debug [reqwest::connect] starting new connection: https://api.github.com/
[2025-12-07 22:57:19] warn failed to check GitHub token: error sending request for url (https://api.github.com/user): error trying to connect: dns error: failed to lookup address information: nodename nor servname provided, or not known
[2025-12-07 22:57:19] debug [reqwest::connect] starting new connection: https://use.rel.tunnels.api.visualstudio.com/
[2025-12-07 22:57:19] trace Successfully refreshed access token
[2025-12-07 22:57:19] warn Error refreshing access token, will retry: failed to lookup tunnel for host token: connection error: error sending request for url (https://use.rel.tunnels.api.visualstudio.com/tunnels/fancy-river-cp3qhcr?tokenScopes=host&api-version=2023-09-27-preview): error trying to connect: dns error: failed to lookup address information: nodename nor servname provided, or not known
[2025-12-07 22:57:29] debug Starting tunnel to server...
[2025-12-07 22:57:29] trace Found token in keyring
[2025-12-07 22:57:29] debug [reqwest::connect] starting new connection: https://api.github.com/
[2025-12-07 22:57:29] warn failed to check GitHub token: error sending request for url (https://api.github.com/user): error trying to connect: dns error: failed to lookup address information: nodename nor servname provided, or not known
[2025-12-07 22:57:29] debug [reqwest::connect] starting new connection: https://use.rel.tunnels.api.visualstudio.com/
[2025-12-07 22:57:29] trace Successfully refreshed access token
[2025-12-07 22:57:29] warn Error refreshing access token, will retry: failed to lookup tunnel for host token: connection error: error sending request for url (https://use.rel.tunnels.api.visualstudio.com/tunnels/fancy-river-cp3qhcr?tokenScopes=host&api-version=2023-09-27-preview): error trying to connect: dns error: failed to lookup address information: nodename nor servname provided, or not known
[2025-12-07 22:57:44] debug Starting tunnel to server...
[2025-12-07 22:57:44] trace Found token in keyring
[2025-12-07 22:57:44] debug [reqwest::connect] starting new connection: https://api.github.com/
[2025-12-07 22:57:44] warn failed to check GitHub token: error sending request for url (https://api.github.com/user): error trying to connect: dns error: failed to lookup address information: nodename nor servname provided, or not known
[2025-12-07 22:57:44] debug [reqwest::connect] starting new connection: https://use.rel.tunnels.api.visualstudio.com/
[2025-12-07 22:57:44] trace Successfully refreshed access token
[2025-12-07 22:57:44] warn Error refreshing access token, will retry: failed to lookup tunnel for host token: connection error: error sending request for url (https://use.rel.tunnels.api.visualstudio.com/tunnels/fancy-river-cp3qhcr?tokenScopes=host&api-version=2023-09-27-preview): error trying to connect: dns error: failed to lookup address information: nodename nor servname provided, or not known
[2025-12-07 22:58:04] debug Starting tunnel to server...
[2025-12-07 22:58:04] trace Found token in keyring
[2025-12-07 22:58:04] debug [reqwest::connect] starting new connection: https://api.github.com/
[2025-12-07 22:58:04] warn failed to check GitHub token: error sending request for url (https://api.github.com/user): error trying to connect: dns error: failed to lookup address information: nodename nor servname provided, or not known
[2025-12-07 22:58:04] debug [reqwest::connect] starting new connection: https://use.rel.tunnels.api.visualstudio.com/
[2025-12-07 22:58:04] trace Successfully refreshed access token
[2025-12-07 22:58:04] warn Error refreshing access token, will retry: failed to lookup tunnel for host token: connection error: error sending request for url (https://use.rel.tunnels.api.visualstudio.com/tunnels/fancy-river-cp3qhcr?tokenScopes=host&api-version=2023-09-27-preview): error trying to connect: dns error: failed to lookup address information: nodename nor servname provided, or not known
[2025-12-07 22:58:29] debug Starting tunnel to server...
[2025-12-07 22:58:29] trace Found token in keyring
[2025-12-07 22:58:29] debug [reqwest::connect] starting new connection: https://api.github.com/
[2025-12-07 22:58:29] warn failed to check GitHub token: error sending request for url (https://api.github.com/user): error trying to connect: dns error: failed to lookup address information: nodename nor servname provided, or not known
[2025-12-07 22:58:29] debug [reqwest::connect] starting new connection: https://use.rel.tunnels.api.visualstudio.com/
[2025-12-07 22:58:29] trace Successfully refreshed access token
[2025-12-07 22:58:29] warn Error refreshing access token, will retry: failed to lookup tunnel for host token: connection error: error sending request for url (https://use.rel.tunnels.api.visualstudio.com/tunnels/fancy-river-cp3qhcr?tokenScopes=host&api-version=2023-09-27-preview): error trying to connect: dns error: failed to lookup address information: nodename nor servname provided, or not known
[2025-12-07 22:58:59] debug Starting tunnel to server...
[2025-12-07 22:58:59] trace Found token in keyring
[2025-12-07 22:58:59] debug [reqwest::connect] starting new connection: https://api.github.com/
[2025-12-07 22:58:59] warn failed to check GitHub token: error sending request for url (https://api.github.com/user): error trying to connect: dns error: failed to lookup address information: nodename nor servname provided, or not known
[2025-12-07 22:58:59] debug [reqwest::connect] starting new connection: https://use.rel.tunnels.api.visualstudio.com/
[2025-12-07 22:58:59] trace Successfully refreshed access token
[2025-12-07 22:58:59] warn Error refreshing access token, will retry: failed to lookup tunnel for host token: connection error: error sending request for url (https://use.rel.tunnels.api.visualstudio.com/tunnels/fancy-river-cp3qhcr?tokenScopes=host&api-version=2023-09-27-preview): error trying to connect: dns error: failed to lookup address information: nodename nor servname provided, or not known
[2025-12-07 22:59:34] debug Starting tunnel to server...
[2025-12-07 22:59:34] trace Found token in keyring
[2025-12-07 22:59:34] debug [reqwest::connect] starting new connection: https://api.github.com/
[2025-12-07 22:59:34] warn failed to check GitHub token: error sending request for url (https://api.github.com/user): error trying to connect: dns error: failed to lookup address information: nodename nor servname provided, or not known
[2025-12-07 22:59:34] debug [reqwest::connect] starting new connection: https://use.rel.tunnels.api.visualstudio.com/
[2025-12-07 22:59:34] trace Successfully refreshed access token
[2025-12-07 22:59:34] warn Error refreshing access token, will retry: failed to lookup tunnel for host token: connection error: error sending request for url (https://use.rel.tunnels.api.visualstudio.com/tunnels/fancy-river-cp3qhcr?tokenScopes=host&api-version=2023-09-27-preview): error trying to connect: dns error: failed to lookup address information: nodename nor servname provided, or not known
[2025-12-07 23:00:14] debug Starting tunnel to server...
[2025-12-07 23:00:14] trace Found token in keyring
[2025-12-07 23:00:14] debug [reqwest::connect] starting new connection: https://api.github.com/
[2025-12-07 23:00:14] warn failed to check GitHub token: error sending request for url (https://api.github.com/user): error trying to connect: dns error: failed to lookup address information: nodename nor servname provided, or not known
[2025-12-07 23:00:14] debug [reqwest::connect] starting new connection: https://use.rel.tunnels.api.visualstudio.com/
[2025-12-07 23:00:14] trace Successfully refreshed access token
[2025-12-07 23:00:14] warn Error refreshing access token, will retry: failed to lookup tunnel for host token: connection error: error sending request for url (https://use.rel.tunnels.api.visualstudio.com/tunnels/fancy-river-cp3qhcr?tokenScopes=host&api-version=2023-09-27-preview): error trying to connect: dns error: failed to lookup address information: nodename nor servname provided, or not known
[2025-12-07 23:00:59] debug Starting tunnel to server...
[2025-12-07 23:00:59] trace Found token in keyring
[2025-12-07 23:00:59] debug [reqwest::connect] starting new connection: https://api.github.com/
[2025-12-07 23:01:00] warn failed to check GitHub token: error sending request for url (https://api.github.com/user): error trying to connect: dns error: failed to lookup address information: nodename nor servname provided, or not known
[2025-12-07 23:01:00] debug [reqwest::connect] starting new connection: https://use.rel.tunnels.api.visualstudio.com/
[2025-12-07 23:01:00] trace Successfully refreshed access token
[2025-12-07 23:01:00] warn Error refreshing access token, will retry: failed to lookup tunnel for host token: connection error: error sending request for url (https://use.rel.tunnels.api.visualstudio.com/tunnels/fancy-river-cp3qhcr?tokenScopes=host&api-version=2023-09-27-preview): error trying to connect: dns error: failed to lookup address information: nodename nor servname provided, or not known
[2025-12-07 23:22:24] debug Starting tunnel to server...
[2025-12-07 23:22:24] trace Found token in keyring
[2025-12-07 23:22:24] debug [reqwest::connect] starting new connection: https://api.github.com/
[2025-12-07 23:22:24] warn failed to check GitHub token: error sending request for url (https://api.github.com/user): error trying to connect: dns error: failed to lookup address information: nodename nor servname provided, or not known
[2025-12-07 23:22:24] debug [reqwest::connect] starting new connection: https://use.rel.tunnels.api.visualstudio.com/
[2025-12-07 23:22:24] trace Successfully refreshed access token
[2025-12-07 23:22:24] warn Error refreshing access token, will retry: failed to lookup tunnel for host token: connection error: error sending request for url (https://use.rel.tunnels.api.visualstudio.com/tunnels/fancy-river-cp3qhcr?tokenScopes=host&api-version=2023-09-27-preview): error trying to connect: dns error: failed to lookup address information: nodename nor servname provided, or not known
[2025-12-07 23:24:38] debug Starting tunnel to server...
[2025-12-07 23:24:38] trace Found token in keyring
[2025-12-07 23:24:38] debug [reqwest::connect] starting new connection: https://api.github.com/
[2025-12-07 23:24:38] warn failed to check GitHub token: error sending request for url (https://api.github.com/user): error trying to connect: dns error: failed to lookup address information: nodename nor servname provided, or not known
[2025-12-07 23:24:38] debug [reqwest::connect] starting new connection: https://use.rel.tunnels.api.visualstudio.com/
[2025-12-07 23:24:38] trace Successfully refreshed access token
[2025-12-07 23:24:38] warn Error refreshing access token, will retry: failed to lookup tunnel for host token: connection error: error sending request for url (https://use.rel.tunnels.api.visualstudio.com/tunnels/fancy-river-cp3qhcr?tokenScopes=host&api-version=2023-09-27-preview): error trying to connect: dns error: failed to lookup address information: nodename nor servname provided, or not known
[2025-12-07 23:25:38] debug Starting tunnel to server...
[2025-12-07 23:25:38] trace Found token in keyring
[2025-12-07 23:25:38] debug [reqwest::connect] starting new connection: https://api.github.com/
[2025-12-07 23:25:38] warn failed to check GitHub token: error sending request for url (https://api.github.com/user): error trying to connect: dns error: failed to lookup address information: nodename nor servname provided, or not known
[2025-12-07 23:25:38] debug [reqwest::connect] starting new connection: https://use.rel.tunnels.api.visualstudio.com/
[2025-12-07 23:25:38] trace Successfully refreshed access token
[2025-12-07 23:25:38] warn Error refreshing access token, will retry: failed to lookup tunnel for host token: connection error: error sending request for url (https://use.rel.tunnels.api.visualstudio.com/tunnels/fancy-river-cp3qhcr?tokenScopes=host&api-version=2023-09-27-preview): error trying to connect: dns error: failed to lookup address information: nodename nor servname provided, or not known
[2025-12-07 23:25:53] debug starting as new singleton
